date,S&P500,S&P100,S&P400,DJI,DJT,DJU,NSDQComp,NSDQ100,RUI,RUT,RUA,W5000
2020-12-01,3662.449951171875,1679.489990234375,2194.5,29823.919921875,12493.740234375,868.25,12355.1103515625,12455.330078125,2058.719970703125,1836.050048828125,2176.679931640625,38194.2890625
2021-02-10,3909.8798828125,1794.739990234375,2519.239990234375,31437.80078125,12954.5302734375,871.2100219726564,13972.5302734375,13655.26953125,2221.300048828125,2282.43994140625,2370.669921875,41833.26953125
2019-12-20,3221.219970703125,1435.6500244140625,2065.610107421875,28455.08984375,10900.73046875,878.260009765625,8924.9599609375,8678.490234375,1779.489990234375,1671.9000244140625,1887.8199462890625,32811.23046875
2013-02-04,1495.7099609375,673.77001953125,1091.27001953125,13880.080078125,5820.31005859375,471.3599853515625,3131.169921875,2715.679931640625,830.42999267578125,899.280029296875,890.2899780273436,15794.259765625
2011-10-07,1155.4599609375,523.3599853515625,799.17999267578125,11103.1201171875,4359.5498046875,431.3399963378906,2479.35009765625,2202.760009765625,636.6500244140625,656.21002197265625,679.95001220703125,12085.080078125
2023-01-03,3824.139892578125,1701.9300537109375,2418.77001953125,33136.37109375,13398.0302734375,970.67999267578125,10386.98046875,10862.6396484375,2097.010009765625,1750.72998046875,2207.550048828125,37900.25
2018-05-07,2672.6298828125,1174.260009765625,1907.9200439453125,24357.3203125,10361.75,700.34002685546875,7265.2099609375,6821.8701171875,1483.0999755859375,1578.949951171875,1587.43994140625,27815.669921875
2015-07-17,2126.639892578125,943.27001953125,1507.8199462890625,18086.44921875,8293.6103515625,575.41998291015625,5210.14013671875,4661.60009765625,1185.4300537109375,1267.0899658203125,1269.449951171875,22420.66015625
2024-07-18,5544.58984375,2682.1201171875,3036.85009765625,40665.01953125,15787.2197265625,950.8900146484376,17871.220703125,19705.08984375,3022.1298828125,2198.2900390625,3156.919921875,55494.3984375
2015-12-23,2064.2900390625,920.75,1415.43994140625,17602.609375,7610.490234375,581.010009765625,5045.93017578125,4624.58984375,1143.050048828125,1152.8199462890625,1218.4599609375,21379.390625
2016-01-15,1880.3299560546875,839.8900146484375,1269.8299560546875,15988.080078125,6689.06005859375,582.78997802734375,4488.419921875,4141.080078125,1038.030029296875,1007.719970703125,1103.3399658203125,19335.23046875
2015-02-18,2099.679931640625,923.1699829101564,1507.9300537109375,18029.849609375,9081.1103515625,606.67999267578125,4906.35986328125,4390.91015625,1170.949951171875,1227.949951171875,1252.1800537109375,22161.029296875
2024-11-01,5728.7998046875,2770.97998046875,3102.85009765625,42052.19140625,16351.330078125,1019.02001953125,18239.919921875,20033.140625,3132.8798828125,2210.1298828125,3267.780029296875,57410.4609375
2013-08-22,1656.9599609375,740.6699829101564,1215.72998046875,14963.740234375,6472.5400390625,479.2200012207031,3638.7099609375,3101.820068359375,922.44000244140625,1036.199951171875,991.780029296875,17619.630859375
2021-09-01,4524.08984375,2079.2900390625,2760.219970703125,35312.53125,14751.6201171875,945.3699951171876,15309.3798828125,15611.5703125,2539.68994140625,2287.06005859375,2686.199951171875,47044.69140625
2017-06-28,2440.68994140625,1075.739990234375,1755.7900390625,21454.609375,9517.4404296875,713.30999755859375,6234.41015625,5753.02978515625,1353.010009765625,1425.27001953125,1446.969970703125,25398.390625
2022-02-03,4477.43994140625,2065.409912109375,2618.860107421875,35111.16015625,15469.080078125,950.5999755859376,13878.8203125,14501.1103515625,2532.22998046875,1991.030029296875,2594.10009765625,44884.83984375
2015-01-08,2062.139892578125,909.8699951171876,1453.22998046875,17907.869140625,8961.599609375,626.6099853515625,4736.18994140625,4240.5498046875,1146.2099609375,1196.1300048828125,1225.260009765625,21672.390625
2015-06-09,2080.14990234375,915.22998046875,1512.97998046875,17764.0390625,8307.33984375,559.760009765625,5013.8701171875,4427.60986328125,1162.0899658203125,1249.6600341796875,1245.1099853515625,22014.599609375
2014-10-14,1877.699951171875,840.0399780273436,1300.27001953125,16315.1904296875,7919,566.21002197265625,4227.169921875,3810.449951171875,1041.7900390625,1061.5999755859375,1111.6300048828125,19707.630859375
2012-05-17,1304.8599853515625,595.8900146484375,915.989990234375,12442.490234375,4938.18017578125,464.0899963378906,2813.68994140625,2509.050048828125,720.780029296875,754.3300170898436,770.72998046875,13677.4296875
2015-01-16,2019.4200439453125,889.79998779296875,1430.8900146484375,17511.5703125,8764.1201171875,640.739990234375,4634.3798828125,4142.14013671875,1123.1099853515625,1176.6500244140625,1200.9300537109375,21244.6796875
2019-01-14,2582.610107421875,1143.949951171875,1753.1700439453125,23909.83984375,9630.919921875,695.08001708984375,6905.919921875,6541.0400390625,1429.1500244140625,1432.81005859375,1523.010009765625,26697.689453125
2016-06-29,2070.77001953125,916.82000732421875,1468.199951171875,17694.6796875,7412.9501953125,701.1199951171875,4779.25,4364.740234375,1145.949951171875,1131.6199951171875,1219.6099853515625,21417.529296875
2022-08-12,4280.14990234375,1952.3499755859375,2615.010009765625,33761.05078125,15146.7001953125,1041.56005859375,13047.1904296875,13565.8701171875,2357.889892578125,2016.6199951171875,2485.800048828125,42867.30859375
2019-05-02,2917.52001953125,1292.8800048828125,1952.8699951171875,26307.7890625,10787.6396484375,777.969970703125,8036.77001953125,7724.06005859375,1616.3699951171875,1582.6500244140625,1719.6300048828125,30127.5
2021-05-03,4192.66015625,1904.780029296875,2740.3701171875,34113.23046875,15618.599609375,919.780029296875,13895.1201171875,13799.7197265625,2361.389892578125,2277.449951171875,2509.050048828125,43933.859375
2016-10-13,2132.550048828125,946.4199829101564,1519.5999755859375,18098.939453125,8055.33984375,655.04998779296875,5213.330078125,4803.10009765625,1181.5799560546875,1215.75,1261.4000244140625,22167.7890625
2017-09-01,2476.550048828125,1095.25,1737.7900390625,21987.560546875,9356.01953125,740.95001220703125,6435.330078125,5987.89990234375,1372.6500244140625,1413.5699462890625,1465.449951171875,25717.2890625
2018-02-21,2701.330078125,1194.3800048828125,1884.0400390625,24797.779296875,10372.0595703125,664.82000732421875,7218.22998046875,6759.259765625,1495.8399658203125,1531.8399658203125,1596.3299560546875,27972.970703125
2011-10-31,1253.300048828125,563.3699951171875,887.92999267578125,11955.009765625,4892.56982421875,450.1400146484375,2684.409912109375,2360.080078125,692.40997314453125,741.05999755859375,741.65997314453125,13191.0498046875
2022-12-22,3822.389892578125,1701.2099609375,2417.43994140625,33027.48828125,13421.099609375,966.239990234375,10476.1201171875,10956.1396484375,2096.2099609375,1754.0899658203125,2207.010009765625,37899.75
2017-06-09,2431.77001953125,1071.9000244140625,1757.5400390625,21271.970703125,9327.8798828125,724.8499755859375,6207.919921875,5741.93994140625,1347.510009765625,1421.7099609375,1441.25,25295.44921875
2021-08-19,4405.7998046875,2022.989990234375,2644.7099609375,34894.12109375,14520.1396484375,940.9600219726564,14541.7900390625,14933.9404296875,2465.93994140625,2132.419921875,2601.550048828125,45498.26171875
2013-03-18,1552.0999755859375,698,1137.6800537109375,14452.0595703125,6251.89990234375,492.2200012207031,3237.590087890625,2792.300048828125,862.3499755859375,947.20001220703125,925.52001953125,16410.259765625
2018-07-23,2806.97998046875,1239.4599609375,1998.010009765625,25044.2890625,10813.5498046875,713.79998779296875,7841.8701171875,7371.77978515625,1558.219970703125,1698.4100341796875,1670.949951171875,29363.2109375
2012-06-22,1335.02001953125,611.72998046875,916.1400146484376,12640.7802734375,5083.22021484375,472.05999755859375,2892.419921875,2585.530029296875,735.4600219726564,775.15997314453125,786.8499755859375,13962.1201171875
2022-08-18,4283.740234375,1956.4200439453125,2619.929931640625,33999.0390625,15035.33984375,1057.219970703125,12965.33984375,13505.990234375,2356.389892578125,2000.72998046875,2483.110107421875,42814.7109375
2015-08-21,1970.8900146484375,864.77001953125,1423.199951171875,16459.75,7872.06005859375,597.6500244140625,4706.0400390625,4197.27001953125,1099.81005859375,1156.7900390625,1176.22998046875,20770.279296875
2021-06-08,4227.259765625,1916.8699951171875,2750.320068359375,34599.8203125,15480.7802734375,894.260009765625,13924.91015625,13810.8603515625,2379.070068359375,2343.760009765625,2531.469970703125,44410.171875
2021-03-22,3940.590087890625,1788.06005859375,2598.77001953125,32731.19921875,14168.509765625,847.6699829101564,13377.5400390625,13086.509765625,2225.27001953125,2266.840087890625,2373.419921875,41670.69140625
2018-03-06,2728.1201171875,1202.5400390625,1916.989990234375,24884.119140625,10435.51953125,669.67999267578125,7372.009765625,6913.02001953125,1511.9200439453125,1562.199951171875,1614.5699462890625,28284.609375
2014-08-06,1920.239990234375,853.5399780273436,1370.1600341796875,16443.33984375,8009.81982421875,526.030029296875,4355.0498046875,3874.27001953125,1070.0400390625,1125.550048828125,1144.5400390625,20319.41015625
2022-12-30,3839.5,1709.1700439453125,2430.3798828125,33147.25,13391.91015625,967.4000244140624,10466.48046875,10939.759765625,2105.89990234375,1761.25,2217.139892578125,38073.94140625
2018-06-11,2782,1222.4300537109375,2000.9000244140625,25322.310546875,11054.73046875,656.92999267578125,7659.93017578125,7168.47998046875,1545.4100341796875,1674.6800537109375,1656.4300537109375,29026.630859375
2015-03-03,2107.780029296875,927.67999267578125,1509.72998046875,18203.369140625,9058.3603515625,587.19000244140625,4979.89990234375,4458.77978515625,1175.739990234375,1234.760009765625,1257.4300537109375,22255.7890625
2022-12-09,3934.3798828125,1758.31005859375,2469.580078125,33476.4609375,13762.8203125,974.30999755859375,11004.6201171875,11563.330078125,2157.260009765625,1796.6600341796875,2270.639892578125,39011.9609375
2023-01-30,4017.77001953125,1790.760009765625,2590.669921875,33717.08984375,14157.08984375,964.1099853515624,11393.8095703125,11912.3896484375,2210.72998046875,1885.719970703125,2330.2900390625,40084.66015625
2012-03-22,1392.780029296875,633.77001953125,984.92999267578125,13046.1396484375,5220.81005859375,452.7900085449219,3063.320068359375,2731.5,770.27001953125,821.44000244140625,824.8499755859375,14650.0400390625
2023-11-20,4547.3798828125,2152.93994140625,2546.8798828125,35151.0390625,14982.2900390625,860.010009765625,14284.5302734375,16027.0595703125,2487,1807.0799560546875,2598.14990234375,45642.96875
2015-12-16,2073.070068359375,927.77001953125,1411.1800537109375,17749.08984375,7687,574.1099853515625,5071.1298828125,4664.56005859375,1147.1099853515625,1148.969970703125,1222.1500244140625,21412.890625
2011-08-26,1176.800048828125,531.510009765625,835.9199829101564,11284.5400390625,4460.18994140625,423.6799926757813,2479.85009765625,2161.969970703125,650.53997802734375,691.78997802734375,696.46002197265625,12375.51953125
2011-11-08,1275.9200439453125,573.030029296875,906.84002685546875,12170.1796875,4968.89013671875,454.94000244140625,2727.489990234375,2400.010009765625,704.92999267578125,755.27001953125,755.1300048828125,13421.5498046875
2016-03-23,2036.7099609375,903.95001220703125,1412.1199951171875,17502.58984375,7956.77978515625,658.83001708984375,4768.85986328125,4402.56005859375,1124.719970703125,1075.699951171875,1194.1800537109375,20914.939453125
2021-08-03,4423.14990234375,2024.3299560546875,2708.8798828125,35116.3984375,14586.009765625,920.69000244140625,14761.2900390625,15061.419921875,2483.929931640625,2223.580078125,2626.22998046875,45957.96875
2019-07-18,2995.110107421875,1323.719970703125,1943.5999755859375,27222.970703125,10537.509765625,831.3300170898436,8207.240234375,7904.1298828125,1659.3800048828125,1555.6199951171875,1760.1600341796875,30788.509765625
2013-05-03,1614.4200439453125,725.6500244140625,1165.0699462890625,14973.9599609375,6218.89990234375,529.29998779296875,3378.6298828125,2944.590087890625,895.34002685546875,954.4199829101564,958.7100219726564,17029.599609375
2017-05-18,2365.719970703125,1044.43994140625,1695.0400390625,20663.01953125,8818.580078125,700.70001220703125,6055.1298828125,5626.31005859375,1310.8299560546875,1361.0799560546875,1400.3399658203125,24589.189453125
2011-07-22,1345.02001953125,602.510009765625,991.7899780273436,12681.16015625,5428.240234375,439.2300109863281,2858.830078125,2429.5,747.84002685546875,841.82000732421875,804.32000732421875,14290.580078125
2013-11-12,1767.68994140625,789.45001220703125,1289.0400390625,15750.669921875,7098.27001953125,498.1799926757813,3919.919921875,3365.22998046875,984.530029296875,1101.469970703125,1058.199951171875,18781.169921875
2022-09-09,4067.360107421875,1842.52001953125,2498.050048828125,32151.7109375,14060.91015625,1050.3299560546875,12112.3095703125,12588.2900390625,2240.47998046875,1882.8499755859375,2359.5,40711.19921875
2011-08-09,1172.530029296875,531.0999755859375,824.5999755859375,11239.76953125,4561.1298828125,404.489990234375,2482.52001953125,2160.7900390625,647.8499755859375,696.15997314453125,694.1500244140625,12336.6201171875
2012-03-01,1374.0899658203125,623.15997314453125,985.239990234375,12980.2998046875,5211.47998046875,453.2000122070313,2988.969970703125,2643.5400390625,761.30999755859375,815.219970703125,815.52001953125,14493.330078125
2012-02-06,1344.3299560546875,607.83001708984375,970.22998046875,12845.1298828125,5334.25,449.9500122070313,2901.989990234375,2528.300048828125,745.1199951171875,828.3699951171875,800.55999755859375,14225.3603515625
2016-12-06,2212.22998046875,974.27001953125,1658.280029296875,19251.779296875,9140.26953125,631.3800048828125,5333,4788.669921875,1229.0999755859375,1352.6700439453125,1318.969970703125,23195.6796875
2011-03-01,1306.3299560546875,587.20001220703125,950.1400146484376,12058.01953125,4956.58984375,411.5700073242187,2737.409912109375,2315.260009765625,724.5399780273436,807.0800170898436,778.5999755859375,13845.1904296875
2020-12-23,3690.010009765625,1689.300048828125,2311.889892578125,30129.830078125,12516.5703125,840.17999267578125,12771.1103515625,12653.1396484375,2092.469970703125,2007.0999755859375,2222.64990234375,39091.01953125
2019-08-14,2840.60009765625,1255.0999755859375,1837.989990234375,25479.419921875,9842.400390625,818.2100219726564,7773.93994140625,7490.1298828125,1572.5699462890625,1467.52001953125,1667.5799560546875,29107.05078125
2012-04-02,1419.0400390625,645.28997802734375,999.19000244140625,13264.490234375,5305.5,461.1799926757813,3119.699951171875,2784.419921875,783.1500244140625,840.6300048828125,839.07000732421875,14916.5703125
2024-03-28,5254.35009765625,2478.85009765625,3046.360107421875,39807.37109375,16211.6201171875,882.239990234375,16379.4599609375,18254.689453125,2881.909912109375,2124.550048828125,3012.89990234375,52915.8203125
2021-05-14,4173.85009765625,1890.3199462890625,2721.889892578125,34382.12890625,15917.4599609375,907.72998046875,13429.98046875,13393.1201171875,2342.64990234375,2224.6298828125,2486.56005859375,43415.80078125
2023-10-24,4247.68017578125,2006.9300537109375,2383.639892578125,33141.37890625,14237.98046875,819.27001953125,13139.8701171875,14745.8603515625,2322.85009765625,1679.5,2426.06005859375,42612.12890625
2022-05-09,3991.239990234375,1820.6199951171875,2396.93994140625,32245.69921875,14470.3603515625,998.04998779296875,11623.25,12187.7197265625,2188.080078125,1762.0799560546875,2298.43994140625,39586.5390625
2022-03-30,4602.4501953125,2120.719970703125,2732.60009765625,35228.80859375,16546.849609375,1042.0999755859375,14442.26953125,15071.5498046875,2540.85009765625,2091.070068359375,2672.43994140625,46320.4296875
2021-02-01,3773.860107421875,1737.0999755859375,2388.77001953125,30211.91015625,12250,856.5800170898436,13403.3896484375,13248.900390625,2135.9599609375,2126.159912109375,2274.5400390625,40074.4609375
2021-08-26,4470,2051.389892578125,2716.68994140625,35213.12109375,14723.7099609375,931.77001953125,14945.8095703125,15278.51953125,2508.47998046875,2213.97998046875,2649.81005859375,46380.71875
2023-07-06,4411.58984375,2060.0400390625,2579.2900390625,33922.26171875,15399.4501953125,911.2899780273436,13679.0400390625,15089.4501953125,2414.010009765625,1842.22998046875,2528.340087890625,44424.12890625
2015-09-15,1978.0899658203125,871.530029296875,1424,16599.849609375,8163.93017578125,553.739990234375,4860.52001953125,4360.27978515625,1104.1400146484375,1166,1181.239990234375,20851.740234375
2013-12-26,1842.02001953125,821.42999267578125,1335.3900146484375,16479.880859375,7363.64013671875,487.1199951171875,4167.18017578125,3584.580078125,1026.6199951171875,1162.6500244140625,1104.52001953125,19636.5703125
2024-03-08,5123.68994140625,2417.530029296875,2952.389892578125,38722.69140625,15718.2197265625,855.6500244140625,16085.1103515625,18018.44921875,2810.1201171875,2082.7099609375,2938.6298828125,51615.3984375
2012-06-25,1313.719970703125,602.09002685546875,899.42999267578125,12502.66015625,4985.3798828125,470.2099914550781,2836.159912109375,2533.5400390625,723.530029296875,761.9000244140625,774.0399780273436,13736.009765625
2025-06-11,6022.240234375,2948.840087890625,3052.280029296875,42865.76953125,14928.150390625,1028.9100341796875,19615.880859375,21860.80078125,3297.110107421875,2148.22998046875,3426.6201171875,60189.7109375
2019-02-14,2745.72998046875,1204.800048828125,1891.6600341796875,25439.390625,10537.6298828125,735.42999267578125,7426.9501953125,7022.419921875,1524.0799560546875,1545.1099853515625,1625.47998046875,28493.259765625
2019-05-15,2850.9599609375,1262.300048828125,1899.97998046875,25648.01953125,10475.080078125,780.90997314453125,7822.14990234375,7503.25,1579.8800048828125,1548.27001953125,1680.9100341796875,29471.33984375
2013-01-18,1485.97998046875,671.3699951171875,1073.9300537109375,13649.7001953125,5695.27001953125,462.8800048828125,3134.7099609375,2743.239990234375,824.2899780273436,892.79998779296875,883.7100219726564,15674.3701171875
2011-01-19,1281.9200439453125,577.469970703125,923.92999267578125,11825.2900390625,5129.330078125,411.30999755859375,2725.360107421875,2303.320068359375,710.42999267578125,786.8900146484375,763.0800170898436,13592.2900390625
2019-07-12,3013.77001953125,1332.3199462890625,1960.489990234375,27332.029296875,10637.3095703125,824.29998779296875,8244.1396484375,7943.240234375,1669.0400390625,1570,1770.800048828125,30984.9296875
2019-02-22,2792.669921875,1225.06005859375,1933.719970703125,26031.810546875,10593.0498046875,757.239990234375,7527.5400390625,7090.6298828125,1549.969970703125,1590.06005859375,1654.5400390625,28986.2890625
2018-08-24,2874.68994140625,1272.4300537109375,2035.0999755859375,25790.349609375,11284.990234375,731.0800170898436,7945.97998046875,7485.39990234375,1595.72998046875,1725.6700439453125,1710.1300048828125,30014.720703125
2013-12-31,1848.3599853515625,823.80999755859375,1342.530029296875,16576.66015625,7400.56982421875,490.5700073242187,4176.58984375,3592,1030.3599853515625,1163.6400146484375,1108.2900390625,19706.029296875
2020-11-20,3557.5400390625,1628.3499755859375,2147.610107421875,29263.48046875,12232.099609375,873.2899780273436,11854.9697265625,11906.4404296875,1996.1700439453125,1785.3399658203125,2110.89990234375,37023.1796875
2016-04-20,2102.39990234375,934.54998779296875,1477.489990234375,18096.26953125,8109.18994140625,649.04998779296875,4948.1298828125,4540.43994140625,1163.22998046875,1142.2900390625,1237.4599609375,21698.669921875
2024-06-17,5473.22998046875,2651.510009765625,2921.18994140625,38778.1015625,14932.900390625,908.80999755859375,17857.01953125,19902.75,2978.31005859375,2022.010009765625,3100.909912109375,54515.828125
2015-06-05,2092.830078125,919.9000244140624,1526.6199951171875,17849.4609375,8509.6396484375,562.95001220703125,5068.4599609375,4477.18994140625,1169.7099609375,1261.010009765625,1253.530029296875,22167.66015625
2022-12-16,3852.360107421875,1718.9200439453125,2416.510009765625,32920.4609375,13738.0400390625,963.239990234375,10705.41015625,11243.7197265625,2113.18994140625,1763.4200439453125,2224.52001953125,38217
2014-12-31,2058.89990234375,908.3800048828124,1452.43994140625,17823.0703125,9139.919921875,618.08001708984375,4736.0498046875,4236.27978515625,1144.3699951171875,1204.699951171875,1224.1099853515625,21669.859375
2021-05-27,4200.8798828125,1903.6700439453125,2725.909912109375,34464.640625,15709.6298828125,892.9199829101564,13736.2802734375,13657.849609375,2362.27001953125,2273.070068359375,2509.590087890625,43943.26953125
2023-03-09,3918.320068359375,1758.6400146484375,2524.030029296875,32254.859375,14569.169921875,902.02001953125,11338.349609375,11995.8798828125,2155.47998046875,1826.5899658203125,2271.169921875,39050.05859375
2020-06-04,3112.35009765625,1413.0799560546875,1852.199951171875,26281.8203125,9575.25,814.05999755859375,9615.8095703125,9629.66015625,1723.510009765625,1452.06005859375,1816.0899658203125,31714.76953125
2016-10-11,2136.72998046875,949.0399780273436,1521,18128.66015625,8086.58984375,640.78997802734375,5246.7900390625,4821.91015625,1183.9000244140625,1227.6199951171875,1264.6099853515625,22237.7109375
2024-06-28,5460.47998046875,2645.2099609375,2930.090087890625,39118.859375,15415.23046875,906.6699829101564,17732.599609375,19682.869140625,2974.639892578125,2047.68994140625,3099.159912109375,54470.66015625
2013-08-30,1632.969970703125,730.9199829101564,1183.8699951171875,14810.3095703125,6249.8798828125,477.8699951171875,3589.8701171875,3073.81005859375,909.280029296875,1010.9000244140624,976.8300170898436,17352.080078125
2019-09-27,2961.7900390625,1308.6600341796875,1922.739990234375,26820.25,10341.26953125,876.4600219726564,7939.6298828125,7681.580078125,1635.6199951171875,1520.47998046875,1734,30204.05078125
2015-07-07,2081.340087890625,915.55999755859375,1507.3499755859375,17776.91015625,8179.02001953125,576.719970703125,4997.4599609375,4429.06005859375,1162.3499755859375,1248.050048828125,1245.18994140625,21994.390625
2023-12-22,4754.6298828125,2230.47998046875,2787.530029296875,37385.96875,16063.900390625,873.1500244140625,14992.9697265625,16777.400390625,2614.56005859375,2033.9599609375,2741.199951171875,48171.76171875
2015-04-30,2085.510009765625,916.2899780273436,1500.18994140625,17840.51953125,8592.8896484375,586.6300048828125,4941.419921875,4414.25,1164.030029296875,1220.1300048828125,1244.719970703125,22034.2890625
2017-01-05,2269,1004.1400146484376,1683.3800048828125,19899.2890625,9051.759765625,659.8499755859375,5487.93994140625,4964.9501953125,1259.3199462890625,1371.93994140625,1350.31005859375,23748.630859375
2018-09-17,2888.800048828125,1277.5699462890625,2028.489990234375,26062.119140625,11468.73046875,739.5,7895.7900390625,7434.72998046875,1602.3299560546875,1703.550048828125,1714.97998046875,30068.73046875
2016-12-27,2268.8798828125,1003.969970703125,1680.22998046875,19945.0390625,9199.23046875,661,5487.43994140625,4965.81005859375,1258.1700439453125,1377.7099609375,1349.6199951171875,23733.30078125
2012-11-27,1398.93994140625,638.46002197265625,986.22998046875,12878.1298828125,5077.06982421875,446.1799926757813,2967.7900390625,2641.419921875,773.54998779296875,807.739990234375,827.02001953125,14649.25
2019-07-10,2993.070068359375,1324.5,1945.8299560546875,26860.19921875,10291.6396484375,828.09002685546875,8202.5302734375,7903.39990234375,1657.6300048828125,1565.050048828125,1759.1300048828125,30785.650390625
2023-04-24,4137.0400390625,1888.469970703125,2499.449951171875,33875.3984375,14464.2998046875,974.4600219726564,12037.2001953125,12969.759765625,2263.93994140625,1788.8699951171875,2375.72998046875,40855.5703125
2018-08-17,2850.1298828125,1262.3199462890625,2010.18994140625,25669.3203125,11227.7998046875,743.9600219726564,7816.330078125,7377.5400390625,1580.550048828125,1692.949951171875,1692.6300048828125,29709.69921875
2018-06-18,2773.75,1217.3399658203125,1995.1800537109375,24987.470703125,11049.849609375,680.55999755859375,7747.02978515625,7251.41015625,1541.8699951171875,1692.4599609375,1654.3299560546875,29021.330078125
2015-06-01,2111.72998046875,928.15997314453125,1526.9000244140625,18040.369140625,8394.23046875,587.95001220703125,5082.93017578125,4521.85009765625,1179.02001953125,1249.6199951171875,1261.8299560546875,22300.33984375
2011-08-25,1159.27001953125,524.82000732421875,814.27001953125,11149.8203125,4343.72998046875,424.5499877929687,2419.6298828125,2108.2099609375,639.97998046875,674.41998291015625,684.65997314453125,12165.3798828125
2015-04-13,2092.429931640625,914.719970703125,1529.8900146484375,17977.0390625,8706.6298828125,584.65997314453125,4988.25,4409.2099609375,1170.030029296875,1265.5899658203125,1254.18994140625,22187.130859375
2023-08-24,4376.31005859375,2046.3499755859375,2570.68994140625,34099.421875,15647.98046875,874.57000732421875,13463.9697265625,14816.4404296875,2395.570068359375,1846.280029296875,2510.3798828125,44104.96875
2024-01-24,4868.5498046875,2308.800048828125,2744.110107421875,37806.390625,15755.419921875,834.09002685546875,15481.919921875,17499.30078125,2668.68994140625,1961.8599853515625,2789.570068359375,49007.05859375
2016-07-11,2137.159912109375,945.6400146484376,1529.1300048828125,18226.9296875,7711.91015625,716.239990234375,4988.64013671875,4554.7099609375,1183.4300537109375,1190.030029296875,1261.18994140625,22136.8203125
2020-03-16,2386.1298828125,1094.0699462890625,1334.1199951171875,20188.51953125,7023.43994140625,678.030029296875,6904.58984375,7020.3798828125,1306.510009765625,1037.4200439453125,1371.969970703125,23818.44921875
2013-06-05,1608.9000244140625,726.4000244140625,1156.31005859375,14960.58984375,6138.35986328125,477.0899963378906,3401.47998046875,2937.139892578125,891.239990234375,968.15997314453125,955.70001220703125,16953.580078125
2020-07-31,3271.1201171875,1504.9300537109375,1863.9100341796875,26428.3203125,9994.8095703125,830.77001953125,10745.26953125,10905.8798828125,1815.989990234375,1480.4300537109375,1909.8900146484375,33393.390625
2022-03-01,4306.259765625,1979.0899658203125,2609.31005859375,33294.94921875,15018.3896484375,939,13532.4599609375,14005.990234375,2385.300048828125,2008.510009765625,2512.320068359375,43573.359375
2011-07-01,1339.6700439453125,595.25,995.04998779296875,12582.76953125,5548.419921875,439.0299987792969,2816.030029296875,2361.389892578125,745.2100219726564,840.0399780273436,801.59002685546875,14226.3095703125
2020-02-10,3352.090087890625,1510.3599853515625,2060.840087890625,29276.8203125,10866.580078125,934.969970703125,9628.3896484375,9516.83984375,1853.1199951171875,1667.6700439453125,1960.489990234375,34070.1796875
2013-09-23,1701.8399658203125,760.05999755859375,1239.9200439453125,15401.3798828125,6651.2998046875,490.55999755859375,3765.2900390625,3219.340087890625,948.7899780273436,1072.1300048828125,1020.5999755859376,18132.419921875
2018-11-23,2632.56005859375,1161.4000244140625,1824.8800048828125,24285.94921875,10369.009765625,719.6300048828125,6938.97998046875,6527.35009765625,1456.22998046875,1488.6800537109375,1554.010009765625,27196.5703125
2022-07-07,3902.6201171875,1785.8800048828125,2328,31384.55078125,13467.83984375,966.5999755859376,11621.349609375,12109.0498046875,2144.300048828125,1769.5999755859375,2255.72998046875,38884.578125
2024-08-02,5346.56005859375,2571.669921875,2948.010009765625,39737.26171875,15381.51953125,1018.4600219726562,16776.16015625,18440.849609375,2914.72998046875,2109.31005859375,3043.9599609375,53487.26171875
2014-09-12,1985.5400390625,883.07000732421875,1422.06005859375,16987.509765625,8552.2802734375,549.6400146484375,4567.60009765625,4069.22998046875,1107.77001953125,1160.6099853515625,1184.530029296875,21041.4296875
2022-10-06,3744.52001953125,1694.27001953125,2325.449951171875,29926.939453125,12838.7998046875,881.75,11073.3095703125,11485.5,2063.68994140625,1752.510009765625,2174.699951171875,37492.23046875
2020-03-25,2475.56005859375,1135.199951171875,1388.8599853515625,21200.55078125,7724.8701171875,697.96002197265625,7384.2998046875,7469.6201171875,1358.8299560546875,1110.3699951171875,1429.25,24878.580078125
2014-05-14,1888.530029296875,837.3300170898436,1357.06005859375,16613.970703125,7834.39013671875,537.989990234375,4100.6298828125,3593.25,1052.6700439453125,1103.1400146484375,1125.68994140625,19966.91015625
2023-10-19,4278,2016.0400390625,2420.14990234375,33414.171875,14435.8203125,816.6300048828125,13186.1796875,14783.1298828125,2340.050048828125,1702.699951171875,2444.820068359375,42950.51953125
2014-11-25,2067.030029296875,915.239990234375,1453.719970703125,17814.939453125,9202.83984375,590.3699951171875,4758.25,4288.22998046875,1149.1700439453125,1186.3299560546875,1227.4100341796875,21761.119140625
2013-06-18,1651.81005859375,743.1199951171875,1188.31005859375,15318.23046875,6358.56005859375,490.8200073242187,3482.179931640625,2996.090087890625,915.219970703125,999.989990234375,981.8599853515624,17421.150390625
2018-09-06,2878.050048828125,1273.97998046875,2031.5400390625,25995.869140625,11367.2900390625,741.9000244140625,7922.72998046875,7453.169921875,1597.1500244140625,1714.469970703125,1710.68994140625,29990.08984375
2012-11-21,1391.030029296875,634.41998291015625,978.5999755859376,12836.8896484375,4997.18017578125,441.0499877929687,2926.550048828125,2600.47998046875,768.94000244140625,798.3800048828125,821.75,14551.490234375
2018-12-19,2506.9599609375,1113.550048828125,1665.719970703125,23323.66015625,9147.66015625,726.760009765625,6636.830078125,6342.97021484375,1384.27001953125,1349.22998046875,1472.1800537109375,25752.599609375
2011-08-05,1199.3800048828125,542.47998046875,844.780029296875,11444.6103515625,4693.58984375,414.7200012207031,2532.409912109375,2194.3798828125,662.84002685546875,714.6300048828125,710.4000244140625,12622.509765625
2021-12-02,4577.10009765625,2115.330078125,2737.2900390625,34639.7890625,15949.23046875,904.0999755859376,15381.3203125,15990.759765625,2548.550048828125,2206.330078125,2688.85009765625,46902.69921875
2017-07-14,2459.27001953125,1083.1300048828125,1765.3199462890625,21637.740234375,9742.759765625,707.3499755859375,6312.47021484375,5838.080078125,1362.6099853515625,1428.8199462890625,1456.72998046875,25569.9296875
2022-04-28,4287.5,1955.25,2570.110107421875,33916.390625,15324.1298828125,1030.719970703125,12871.5302734375,13456.0595703125,2361.68994140625,1917.93994140625,2482.030029296875,42878.28125
2019-11-21,3103.5400390625,1381.2900390625,1980.43994140625,27766.2890625,10681.2900390625,851.3699951171875,8506.2099609375,8265.6201171875,1715.5,1583.9599609375,1817.8800048828125,31607.119140625
2019-11-14,3096.6298828125,1378.3399658203125,1991.4599609375,27781.9609375,10871.349609375,845.530029296875,8479.01953125,8257.830078125,1710.6199951171875,1588.7900390625,1813.4000244140625,31520.75
2020-12-16,3701.169921875,1696.260009765625,2278.889892578125,30154.5390625,12497.9501953125,859.59002685546875,12658.1904296875,12668.16015625,2088.9599609375,1952.719970703125,2215.179931640625,38913
2015-02-04,2041.510009765625,897.1199951171875,1467.43994140625,17673.01953125,8884.9404296875,633.8499755859375,4716.7001953125,4221.2001953125,1137.5899658203125,1191.43994140625,1216.3800048828125,21536.439453125
2012-04-17,1390.780029296875,632.40997314453125,981.42999267578125,13115.5400390625,5310.1298828125,458.9800109863281,3042.820068359375,2723.580078125,769.1400146484375,810.6300048828125,822.8800048828125,14603.4697265625
2024-06-20,5473.169921875,2648.47998046875,2920.8798828125,39134.76171875,15075.66015625,913,17721.58984375,19752.30078125,2978.43994140625,2017.3900146484375,3100.699951171875,54493.87890625
2022-05-31,4132.14990234375,1871.6099853515625,2514.800048828125,32990.12109375,14301.490234375,1023.0499877929688,12081.3896484375,12642.099609375,2269.070068359375,1864.0400390625,2386.320068359375,41084.8984375
2018-10-17,2809.2099609375,1251.6600341796875,1913.4200439453125,25706.6796875,10683.8203125,733.530029296875,7642.7001953125,7278.6298828125,1553.3900146484375,1589.5999755859375,1657.8299560546875,29056.220703125
2016-01-07,1943.0899658203125,864.47998046875,1326.489990234375,16514.099609375,6995.39013671875,577.510009765625,4689.43017578125,4305.72021484375,1075.2900390625,1064.5699462890625,1144.6199951171875,20089.529296875
2018-02-16,2732.219970703125,1208.8800048828125,1901.18994140625,25219.380859375,10502.330078125,681.1199951171875,7239.47021484375,6770.66015625,1512.3599853515625,1543.550048828125,1613.550048828125,28337.619140625
2016-06-07,2112.1298828125,932.22998046875,1518.739990234375,17938.279296875,7855.1201171875,669.82000732421875,4961.75,4513.08984375,1170.52001953125,1179.969970703125,1247.6800537109375,21900.740234375
2014-11-28,2067.56005859375,916.239990234375,1442.6300048828125,17828.240234375,9198.2001953125,599.70001220703125,4791.6298828125,4337.7900390625,1148.9000244140625,1173.22998046875,1226.1199951171875,21731.1796875
2019-05-23,2822.239990234375,1249.31005859375,1853.5699462890625,25490.470703125,10171.6103515625,807.219970703125,7628.27978515625,7307.93017578125,1562.27001953125,1501.3800048828125,1659.9000244140625,29081.5703125
2022-07-19,3936.68994140625,1800.449951171875,2374.9599609375,31827.05078125,13796.650390625,957.40997314453125,11713.150390625,12249.419921875,2161.360107421875,1799.3199462890625,2274.8701171875,39216.609375
2014-12-01,2053.43994140625,910.739990234375,1424.239990234375,17776.80078125,8948.9599609375,600.55999755859375,4727.35009765625,4287.81005859375,1139.9599609375,1154.050048828125,1215.780029296875,21522.970703125
2011-07-18,1305.43994140625,584.05999755859375,963.1199951171876,12385.16015625,5283.919921875,427.760009765625,2765.110107421875,2344.010009765625,725.6699829101564,815.969970703125,780.40997314453125,13868.2197265625
2021-01-29,3714.239990234375,1709.75,2340.1201171875,29982.619140625,12087.990234375,852.4000244140625,13070.6904296875,12925.3798828125,2101.360107421875,2073.639892578125,2236.3701171875,39396.171875
2018-01-10,2748.22998046875,1217.949951171875,1933.260009765625,25369.130859375,11030.099609375,693.1400146484375,7153.56982421875,6662.66015625,1521.6099853515625,1559.800048828125,1623.9599609375,28507.080078125
2017-04-27,2388.77001953125,1055.27001953125,1749.4100341796875,20981.330078125,9193.990234375,707.58001708984375,6048.93994140625,5571.27978515625,1325.719970703125,1417.1300048828125,1419.3800048828125,24955.80078125
2013-05-06,1617.5,727.1500244140625,1170.8699951171875,14968.8896484375,6297.97998046875,522.02001953125,3392.969970703125,2955.360107421875,897.34002685546875,959.79998779296875,961.0999755859376,17072.2109375
2023-09-07,4451.14013671875,2085.300048828125,2577.070068359375,34500.73046875,15299.1103515625,864.3300170898436,13748.830078125,15258.51953125,2439.85009765625,1855.760009765625,2554.969970703125,44888.609375
2018-08-02,2827.219970703125,1250.6600341796875,1994.9300537109375,25326.16015625,11055.2099609375,721.94000244140625,7802.68994140625,7372.14990234375,1567.9300537109375,1682.0999755859375,1679.31005859375,29454.939453125
2025-06-03,5970.3701171875,2915.050048828125,3031.27001953125,42519.640625,14762.2001953125,1048.6800537109375,19398.9609375,21662.580078125,3268.39990234375,2102.97998046875,3394.929931640625,59619.8515625
2020-01-16,3316.81005859375,1483.510009765625,2100.340087890625,29297.640625,11304.9697265625,900.4199829101564,9357.1298828125,9125,1833.9100341796875,1705.219970703125,1944.239990234375,33827.73828125
2018-02-26,2779.60009765625,1232.489990234375,1914.9300537109375,25709.26953125,10769.83984375,683.72998046875,7421.4599609375,6989.10009765625,1537.06005859375,1559.3299560546875,1639.1700439453125,28709.439453125
2013-09-13,1687.989990234375,754.07000732421875,1229.4000244140625,15376.0595703125,6523.419921875,476.8900146484375,3722.179931640625,3178.280029296875,940.9000244140624,1053.97998046875,1011.4099731445312,17964.630859375
2025-01-27,6012.27978515625,2930.719970703125,3239.679931640625,44713.578125,16848.55078125,991.7899780273436,19341.830078125,21127.279296875,3302.77001953125,2284.02001953125,3441.7900390625,60449.21875
2017-07-03,2429.010009765625,1070.5,1758.0400390625,21479.26953125,9639.6298828125,703.3599853515625,6110.06005859375,5596.9599609375,1346.8599853515625,1426.6800537109375,1441,25285.080078125
2021-04-06,4073.93994140625,1850.0999755859375,2666.659912109375,33430.23828125,14842.9404296875,893.59002685546875,13698.3798828125,13578.4599609375,2296.280029296875,2259.14990234375,2443.179931640625,42815.62890625
2024-11-04,5712.68994140625,2758.580078125,3111.800048828125,41794.6015625,16287.8701171875,1011.3499755859376,18179.98046875,19963.599609375,3124.7900390625,2219.030029296875,3260.3701171875,57277.98046875
2018-03-19,2712.919921875,1192.1099853515625,1917.5699462890625,24610.91015625,10646.5703125,686.30999755859375,7344.240234375,6864.8798828125,1504.2900390625,1570.56005859375,1607.68994140625,28098.2890625
2012-05-11,1353.3900146484375,615.34002685546875,964.52001953125,12820.599609375,5140.7001953125,472.010009765625,2933.820068359375,2615.97998046875,749.02001953125,790.05999755859375,801.40997314453125,14217.599609375
2024-12-11,6084.18994140625,2971.919921875,3313.030029296875,44148.55859375,16845.4296875,1003.9299926757812,20034.890625,21763.98046875,3342.3701171875,2394.159912109375,3488.85009765625,61274.69921875
2021-02-04,3871.739990234375,1783.93994140625,2452.330078125,31055.859375,12707.7197265625,867.6099853515625,13777.740234375,13560.8896484375,2193.7900390625,2202.419921875,2337.5,41214.94140625
2023-01-11,3969.610107421875,1761.4000244140625,2545.360107421875,33973.01171875,14304.240234375,1002.1099853515624,10931.669921875,11402.51953125,2180.02001953125,1844.050048828125,2296.75,39470.4296875
2023-06-07,4267.52001953125,1984.8599853515625,2568.610107421875,33665.01953125,14406.240234375,918.2899780273436,13104.900390625,14303.2900390625,2338.52001953125,1888.449951171875,2457,43166.4609375
2022-09-28,3719.0400390625,1694.1099853515625,2265.9599609375,29683.740234375,12457.1298828125,944.84002685546875,11051.6396484375,11493.830078125,2044.06005859375,1715.239990234375,2152.449951171875,37138.3984375
2025-06-13,5976.97021484375,2927.39990234375,3006.699951171875,42197.7890625,14685.5595703125,1036.93994140625,19406.830078125,21631.0390625,3269.669921875,2100.510009765625,3396.030029296875,59645.23046875
2018-07-09,2784.169921875,1224.8800048828125,2009.1500244140625,24776.58984375,10687.66015625,706.92999267578125,7756.2001953125,7276,1547.0999755859375,1704.5999755859375,1660.4300537109375,29111.7109375
2024-01-03,4704.81005859375,2209.02001953125,2708.800048828125,37430.19140625,15504.5595703125,897.6400146484375,14592.2099609375,16368.490234375,2581.610107421875,1959.199951171875,2703.050048828125,47497.83984375
2023-07-25,4567.4599609375,2124.889892578125,2714.1298828125,35438.0703125,16179.6796875,948.530029296875,14144.5595703125,15561.419921875,2504.25,1966.1099853515625,2626.909912109375,46151.80859375
2014-06-25,1959.530029296875,865.9600219726564,1422.0799560546875,16867.509765625,8164.47021484375,569.16998291015625,4379.759765625,3827.330078125,1093.1400146484375,1182.6800537109375,1171.8399658203125,20810.01953125
2021-05-24,4197.0498046875,1905.1500244140625,2702.280029296875,34393.98046875,15609.8095703125,907.57000732421875,13661.169921875,13641.75,2357.89990234375,2227.340087890625,2501.8701171875,43751.28125
2019-12-18,3191.139892578125,1423.0799560546875,2046.1500244140625,28239.279296875,10779.7802734375,871.9000244140625,8827.740234375,8580.6201171875,1762.56005859375,1661.72998046875,1870.2900390625,32508.330078125
2013-03-15,1560.699951171875,701.75,1141.8299560546875,14514.1103515625,6272.669921875,495.1799926757813,3249.070068359375,2799.409912109375,866.969970703125,952.47998046875,930.5,16498.439453125
2022-07-26,3921.050048828125,1784.8599853515625,2397.080078125,31761.5390625,13614.1396484375,982.42999267578125,11562.5703125,12086.900390625,2151.889892578125,1805.25,2265.9599609375,39021.71875
2019-08-05,2844.739990234375,1256.989990234375,1860.8299560546875,25717.740234375,10040.23046875,803.2899780273436,7726.0400390625,7415.68994140625,1575.300048828125,1487.4100341796875,1671.77001953125,29213.5390625
2017-03-06,2375.31005859375,1054.010009765625,1728.4100341796875,20954.33984375,9420.2802734375,696.489990234375,5849.18017578125,5360.31005859375,1316.9100341796875,1384.25,1408.1300048828125,24727.5703125
2021-10-15,4471.3701171875,2053.52001953125,2748.280029296875,35294.76171875,15190.6796875,898.5399780273436,14897.33984375,15146.919921875,2512.93994140625,2265.64990234375,2658.139892578125,46547.78125
2016-04-12,2061.719970703125,915.5,1439.75,17721.25,7758.68994140625,662.77001953125,4872.08984375,4496.0400390625,1139.72998046875,1105.7099609375,1211.3800048828125,21228.869140625
2021-08-25,4496.18994140625,2062.679931640625,2741.389892578125,35405.5,14826.58984375,934.45001220703125,15041.8603515625,15368.919921875,2523.39990234375,2239.27001953125,2666.47998046875,46685.30078125
2013-10-21,1744.6600341796875,776.3300170898436,1290.4599609375,15392.2001953125,6857.5,495.4500122070313,3920.050048828125,3361.179931640625,974.3699951171876,1112.47998046875,1048.989990234375,18649.119140625
2021-09-27,4443.10986328125,2038.1300048828125,2723.449951171875,34869.37109375,14473.7197265625,882.07000732421875,14969.9697265625,15204.8203125,2494.929931640625,2281,2641.5,46299.73046875
2022-02-04,4500.52978515625,2081.8701171875,2623.179931640625,35089.73828125,15214.3095703125,942.19000244140625,14098.009765625,14694.349609375,2485.2099609375,2002.3599853515625,2610.659912109375,45244.28125
2013-10-29,1771.949951171875,789.6099853515625,1299.7900390625,15680.349609375,7051.7998046875,505.8500061035156,3952.340087890625,3391.75,988.1500244140624,1121.0699462890625,1063.3599853515625,18895.5703125
2016-10-17,2126.5,944.29998779296875,1518.18994140625,18086.400390625,8009.52978515625,655.40997314453125,5199.81982421875,4796.169921875,1178.1400146484375,1210.1400146484375,1257.56005859375,22099.890625
2013-09-03,1639.77001953125,733.30999755859375,1181.47998046875,14833.9599609375,6270.97998046875,472.8999938964844,3612.610107421875,3091.760009765625,912.92999267578125,1016.260009765625,980.8499755859376,17424.01953125
2016-01-26,1903.6300048828125,850.030029296875,1289.780029296875,16167.23046875,6815.759765625,588.469970703125,4567.669921875,4233.85009765625,1050.550048828125,1017.969970703125,1116.5,19563.099609375
2018-04-17,2706.389892578125,1188.3900146484375,1917.3599853515625,24786.630859375,10592.5595703125,700.239990234375,7281.10009765625,6816.3701171875,1500.3299560546875,1579.800048828125,1604.510009765625,28099.650390625
2023-05-03,4090.75,1879.1400146484375,2451.719970703125,33414.23828125,14008.8095703125,945.72998046875,12025.330078125,13030.2099609375,2236.419921875,1739.280029296875,2344.75,40306.73046875
2020-11-05,3510.449951171875,1621.22998046875,2037.1300048828125,28390.1796875,11669.580078125,885.44000244140625,11890.9296875,12078.0703125,1962.6199951171875,1660.050048828125,2068.4599609375,36268.859375
2023-04-21,4133.52001953125,1888.300048828125,2498.830078125,33808.9609375,14413.580078125,969.34002685546875,12072.4599609375,13000.76953125,2262.830078125,1791.510009765625,2374.820068359375,40845.91015625
2013-02-06,1512.1199951171875,681.030029296875,1104.3199462890625,13986.51953125,5873.27001953125,473.3900146484375,3168.47998046875,2746.35009765625,839.760009765625,911.2899780273436,900.42999267578125,15974.2197265625
2020-10-13,3511.929931640625,1628.5,1993.0699462890625,28679.810546875,11783.2197265625,876.04998779296875,11863.900390625,12083.169921875,1962.4000244140625,1636.8499755859375,2066.5400390625,36259.03125
2017-04-05,2352.949951171875,1043.7099609375,1694.7900390625,20648.150390625,9095.98046875,704.16998291015625,5864.47998046875,5418.52001953125,1303.5699462890625,1352.1400146484375,1392.4599609375,24476.060546875
2019-05-24,2826.06005859375,1250.6700439453125,1862.8299560546875,25585.689453125,10137.58984375,804.7100219726564,7637.009765625,7300.9599609375,1564.780029296875,1514.1099853515625,1663.3599853515625,29147.58984375
2018-10-23,2740.68994140625,1225.8199462890625,1844.72998046875,25191.4296875,10237.01953125,737.0399780273436,7437.5400390625,7118.669921875,1513.97998046875,1526.5899658203125,1614.030029296875,28279.619140625
2021-05-06,4201.6201171875,1908.27001953125,2739.429931640625,34548.53125,15724.41015625,908.82000732421875,13632.83984375,13613.73046875,2358.35009765625,2241.419921875,2503.360107421875,43723.921875
2012-11-15,1353.3299560546875,616.6300048828125,945.9600219726564,12542.3798828125,4913.89990234375,438.0499877929687,2836.93994140625,2524.360107421875,747.4600219726564,769.47998046875,798.2899780273436,14126.2099609375
2020-01-23,3325.5400390625,1487.219970703125,2086.860107421875,29160.08984375,11143.419921875,928.57000732421875,9402.48046875,9216.98046875,1838.3499755859375,1685.010009765625,1947.1300048828125,33862.46875
2018-12-26,2467.699951171875,1096.949951171875,1639.780029296875,22878.44921875,9102.1201171875,703.510009765625,6554.35986328125,6262.77001953125,1362.47998046875,1329.81005859375,1449.1600341796875,25366.849609375
2015-07-28,2093.25,928.010009765625,1479.8299560546875,17630.26953125,8278.6103515625,573.29998779296875,5089.2099609375,4560.22998046875,1166.4200439453125,1224.5999755859375,1247.2900390625,22027.650390625
2019-02-21,2774.8798828125,1217.43994140625,1918.3599853515625,25850.630859375,10632.490234375,750.95001220703125,7459.7099609375,7035.16015625,1539.6700439453125,1575.550048828125,1643.22998046875,28799.30078125
2020-04-27,2878.47998046875,1320.1300048828125,1613.530029296875,24133.779296875,8317.419921875,805.79998779296875,8730.16015625,8837.66015625,1582.18994140625,1281.8800048828125,1663.3499755859375,28990.130859375
2022-05-10,4001.050048828125,1828.9200439453125,2389.580078125,32160.740234375,14462.2802734375,984.22998046875,11737.669921875,12345.8603515625,2192.989990234375,1761.7900390625,2303.280029296875,39634.16015625
2024-11-29,6032.3798828125,2902.889892578125,3366.179931640625,44910.6484375,17618.630859375,1078.949951171875,19218.169921875,20930.369140625,3317.3798828125,2434.72998046875,3466.85009765625,60880.73828125
2020-01-02,3257.85009765625,1458.1300048828125,2065.18994140625,28868.80078125,10994.3095703125,866.82000732421875,9092.1904296875,8872.2197265625,1798.719970703125,1666.77001953125,1906.5,33142.19921875
2024-05-09,5214.080078125,2476.469970703125,2996.3701171875,39387.76171875,15512.5302734375,943.19000244140625,16346.259765625,18113.4609375,2855.840087890625,2073.6298828125,2983.300048828125,52416.140625
2012-10-23,1413.1099853515625,646.91998291015625,979,13102.5302734375,5107.31982421875,477.4700012207031,2990.4599609375,2666.02001953125,779.6199951171875,816.20001220703125,833.67999267578125,14769.1396484375
2023-12-14,4719.5498046875,2206.929931640625,2770.929931640625,37248.3515625,15912.919921875,897.15997314453125,14761.5595703125,16537.830078125,2594.860107421875,2000.510009765625,2719.2099609375,47790.609375
2014-04-22,1879.550048828125,831.7899780273436,1365.1600341796875,16514.369140625,7734.89990234375,542.82000732421875,4161.4599609375,3588.81005859375,1049.219970703125,1155.6099853515625,1126.3299560546875,20020.55078125
2015-04-16,2104.989990234375,920.72998046875,1534.239990234375,18105.76953125,8708.3603515625,585.28997802734375,5007.7900390625,4418.830078125,1176.9000244140625,1272.9000244140625,1261.550048828125,22324.91015625
2014-08-26,2000.02001953125,888.40997314453125,1434.75,17106.69921875,8421.3095703125,552.67999267578125,4570.64013671875,4071.669921875,1115.5899658203125,1175.1700439453125,1193.3900146484375,21193.5390625
2017-03-27,2341.590087890625,1038.0899658203125,1691.81005859375,20550.98046875,8935.1103515625,702.45001220703125,5840.3701171875,5374.27001953125,1297.6099853515625,1357.3199462890625,1386.97998046875,24353.19921875
2020-03-13,2711.02001953125,1237.199951171875,1546.75,23185.619140625,7939.39990234375,762.5999755859375,7874.8798828125,7995.259765625,1488.0400390625,1210.1300048828125,1564.7099609375,27142.669921875
2016-03-22,2049.800048828125,908.9000244140624,1429.9300537109375,17582.5703125,8011.669921875,654.989990234375,4821.66015625,4437.6201171875,1132.97998046875,1097.3399658203125,1204.050048828125,21100.109375
2011-09-23,1136.4300537109375,512.530029296875,794.42999267578125,10771.48046875,4218.77001953125,431.5499877929687,2483.22998046875,2206.860107421875,627.55999755859375,652.42999267578125,670.67999267578125,11927.009765625
2012-08-20,1418.1300048828125,652.22998046875,974.239990234375,13271.6396484375,5190.259765625,479.010009765625,3076.2099609375,2784.330078125,780.69000244140625,816.510009765625,834.760009765625,14784.259765625
2013-06-28,1606.280029296875,720.6199951171875,1160.8199462890625,14909.599609375,6173.85986328125,485.8999938964844,3403.25,2909.60009765625,890.6699829101564,977.47998046875,955.8499755859376,16992.08984375
2024-08-15,5543.22021484375,2672.429931640625,3009.1201171875,40563.05859375,15600.01953125,1000.9199829101562,17594.5,19490.150390625,3022.610107421875,2135.469970703125,3152.989990234375,55405.4609375
2016-04-21,2091.47998046875,931.0399780273436,1465.1500244140625,17982.51953125,8010.93994140625,633.1199951171875,4945.89013671875,4540.7998046875,1157.2099609375,1135.77001953125,1231.010009765625,21587.630859375
2023-07-27,4537.41015625,2113.739990234375,2694.6201171875,35282.71875,16408.01953125,933.8800048828124,14050.1103515625,15464.9296875,2487.010009765625,1954.9000244140625,2609,45835.51171875
2020-01-30,3283.659912109375,1471.239990234375,2047.9200439453125,28859.439453125,10833.169921875,943.030029296875,9298.9296875,9136.08984375,1816,1648.219970703125,1922.25,33418.1484375
2018-07-27,2818.820068359375,1243.8299560546875,1975.219970703125,25451.060546875,10957.1796875,721.5999755859375,7737.419921875,7296.77978515625,1561.989990234375,1663.3399658203125,1672,29321.740234375
2014-02-05,1751.6400146484375,776.02001953125,1277.06005859375,15440.23046875,7075.7900390625,496.5299987792969,4011.550048828125,3454.89990234375,978.8599853515624,1093.5899658203125,1051.989990234375,18738.25
2017-03-24,2343.97998046875,1039.0799560546875,1694.4100341796875,20596.720703125,8928.7802734375,705.95001220703125,5828.740234375,5364,1298.81005859375,1354.6400146484375,1387.9599609375,24377.2890625
2013-04-01,1562.1700439453125,702.16998291015625,1142.27001953125,14572.849609375,6162.2998046875,507.5899963378906,3239.169921875,2797.070068359375,867.8300170898436,938.7899780273436,930.29998779296875,16507.05078125
2014-02-27,1854.2900390625,815.65997314453125,1371.97998046875,16272.650390625,7316.2900390625,515.95001220703125,4318.93017578125,3699.800048828125,1038.8800048828125,1187.93994140625,1118.5799560546875,19917.220703125
2016-08-22,2182.639892578125,964.1500244140624,1563.6800537109375,18529.419921875,7894.77001953125,684.719970703125,5244.60009765625,4808.56005859375,1209.1099853515625,1239.739990234375,1290.43994140625,22668.2109375
2025-02-10,6066.43994140625,2956.85009765625,3208.330078125,44470.41015625,16312.75,1002.8800048828124,19714.26953125,21756.73046875,3334.110107421875,2287.93994140625,3473.199951171875,60990.19140625
2016-06-16,2077.989990234375,919.5399780273436,1478.81005859375,17733.099609375,7546.10986328125,684.760009765625,4844.919921875,4424.22998046875,1150.1800537109375,1148.18994140625,1225.0899658203125,21490.810546875
2011-08-18,1140.6500244140625,517.1099853515625,802.1199951171875,10990.580078125,4299.5498046875,419.8900146484375,2380.429931640625,2073.030029296875,630.33001708984375,662.510009765625,674.21002197265625,11988.4296875
2021-02-18,3913.969970703125,1793.97998046875,2496.64990234375,31493.33984375,13049.7001953125,857.97998046875,13865.3603515625,13637.509765625,2221.429931640625,2218.389892578125,2366.090087890625,41674.30078125
2022-12-06,3941.260009765625,1760.239990234375,2481.530029296875,33596.33984375,13898.099609375,978.9600219726564,11014.8896484375,11549.6904296875,2160.800048828125,1812.5799560546875,2275.35009765625,39109.66015625
2023-08-01,4576.72998046875,2135.840087890625,2721.860107421875,35630.6796875,16530.419921875,919.75,14283.91015625,15718.009765625,2511.27001953125,1994.1700439453125,2635.929931640625,46313.48828125
2021-02-02,3826.31005859375,1760.9599609375,2417.43994140625,30687.48046875,12522.98046875,863.32000732421875,13612.7802734375,13456.1201171875,2167.39990234375,2151.43994140625,2307.580078125,40649.109375
2013-06-14,1626.72998046875,732.0999755859375,1172.1300048828125,15070.1796875,6309.47998046875,485.3299865722656,3423.56005859375,2943.860107421875,901.67999267578125,981.3800048828124,967.0399780273436,17161.310546875
2012-05-31,1310.3299560546875,597.28997802734375,925.6300048828124,12393.4501953125,5074.7001953125,468.0400085449219,2827.340087890625,2524.8701171875,724.1199951171875,761.82000732421875,774.6099853515625,13740.240234375
2012-02-08,1349.9599609375,610.3800048828125,973.2100219726564,12883.9501953125,5298.60986328125,452.4800109863281,2915.860107421875,2545.719970703125,748.07000732421875,828.3900146484375,803.469970703125,14275.150390625
2012-01-26,1318.4300537109375,596.6199951171875,937.52001953125,12734.6298828125,5302.85009765625,454.0400085449219,2805.280029296875,2454.6298828125,729.29998779296875,792.90997314453125,782.1500244140625,13891.2802734375
2024-12-09,6052.85009765625,2942.639892578125,3314.300048828125,44401.9296875,16816.650390625,1019.3499755859376,19736.689453125,21440.8203125,3326.860107421875,2392.840087890625,3473.35009765625,61001.5390625
2021-11-03,4660.56982421875,2148.840087890625,2889.64990234375,36157.578125,16860.98046875,914.1699829101564,15811.580078125,16144.5,2616.2900390625,2404.280029296875,2770.929931640625,48521.87109375
2020-08-25,3443.6201171875,1604.8800048828125,1935.72998046875,28248.439453125,11127.009765625,810.79998779296875,11466.4697265625,11721.8095703125,1910.8399658203125,1571.2099609375,2010.6199951171875,35178.390625
2023-11-10,4415.240234375,2093.639892578125,2439.6201171875,34283.1015625,14426.490234375,837.97998046875,13798.1103515625,15529.1201171875,2411.2900390625,1705.3199462890625,2515.64990234375,44188.98828125
2020-02-19,3386.14990234375,1518.93994140625,2098.570068359375,29348.029296875,10943.240234375,950.010009765625,9817.1796875,9718.73046875,1875.239990234375,1692.5699462890625,1984.260009765625,34533.94140625
2013-06-17,1639.0400390625,737.5999755859375,1178.8499755859375,15179.849609375,6297.2099609375,487.80999755859375,3452.1298828125,2971.260009765625,908.22998046875,987.84002685546875,974.02001953125,17284.580078125
2018-08-06,2850.39990234375,1262.5699462890625,2009.5,25502.1796875,11161.349609375,730.1699829101564,7859.68017578125,7438.990234375,1580.43994140625,1684.31005859375,1691.8499755859375,29689.150390625
2022-01-19,4532.759765625,2090.1298828125,2687.06005859375,35028.6484375,15588.080078125,944.55999755859375,14340.259765625,15047.83984375,2504.010009765625,2062.780029296875,2633.860107421875,45673.16015625
2012-05-02,1402.31005859375,637.27001953125,997.030029296875,13268.5703125,5334.52001953125,470.010009765625,3059.85009765625,2734.77001953125,776.1199951171875,818.5999755859375,830.4000244140625,14737.01953125
2022-06-10,3900.860107421875,1765.6600341796875,2403.070068359375,31392.7890625,13368.91015625,980.4199829101564,11340.01953125,11832.8203125,2144.010009765625,1800.280029296875,2257.760009765625,38860.5390625
2025-05-14,5892.580078125,2869.570068359375,3050.31005859375,42051.05859375,15035.330078125,1003.4000244140624,19146.810546875,21319.2109375,3228.300048828125,2083.800048828125,3353.75,58888.80859375
2013-02-22,1515.5999755859375,683.6199951171875,1103.699951171875,14000.5703125,5943.89013671875,477.9100036621094,3161.820068359375,2737.280029296875,841.02001953125,916.1500244140624,902.04998779296875,15997.2099609375
2014-11-21,2063.5,914.780029296875,1444.3900146484375,17810.060546875,9094.16015625,596.1500244140625,4712.97021484375,4251.31982421875,1146.5999755859375,1172.4200439453125,1223.780029296875,21696.140625
2014-10-17,1886.760009765625,840.94000244140625,1322.1199951171875,16380.41015625,8147.83984375,562.55999755859375,4258.43994140625,3815.469970703125,1049.0400390625,1082.3299560546875,1120.4100341796875,19900.419921875
2018-02-07,2681.659912109375,1187.56005859375,1862.5400390625,24893.349609375,10560.58984375,657.760009765625,7051.97998046875,6582.02001953125,1484.4100341796875,1507.969970703125,1583.1800537109375,27824.859375
2017-09-27,2507.0400390625,1107.3699951171875,1790.1600341796875,22340.7109375,9841.990234375,722.219970703125,6453.259765625,5937.7900390625,1390.219970703125,1484.81005859375,1488.3699951171875,26114.740234375
2022-02-25,4384.64990234375,2010.1300048828125,2661.60009765625,34058.75,15207.2099609375,938.25,13694.6201171875,14189.16015625,2426.429931640625,2040.9300537109375,2555.47998046875,44260.12109375
2017-01-27,2294.68994140625,1012.9299926757812,1696.6700439453125,20093.779296875,9444.2802734375,657.70001220703125,5660.77978515625,5168.06005859375,1273.780029296875,1370.699951171875,1364.489990234375,24009.08984375
2024-03-27,5248.490234375,2478.820068359375,3034.340087890625,39760.078125,16028.5498046875,874.72998046875,16399.51953125,18280.83984375,2878.489990234375,2114.35009765625,3008.75,52845.21875
2021-12-09,4667.4501953125,2156.760009765625,2777.320068359375,35754.69140625,16327.0703125,931.1300048828124,15517.3701171875,16149.5703125,2594.800048828125,2220.2099609375,2735.659912109375,47636.12109375
2022-09-13,3932.68994140625,1778.93994140625,2429.260009765625,31104.970703125,13712.33984375,1032.469970703125,11633.5703125,12033.6201171875,2167.179931640625,1831.5699462890625,2283.090087890625,39392.16015625
2021-11-18,4704.5400390625,2172.139892578125,2883.389892578125,35870.94921875,16496.689453125,908.4000244140624,15993.7099609375,16482.970703125,2633.7099609375,2363.590087890625,2785.050048828125,48717.44921875
2023-02-03,4136.47998046875,1854.7900390625,2707.469970703125,33926.01171875,15518.2099609375,953.5800170898436,12006.9501953125,12573.3603515625,2279.719970703125,1985.530029296875,2406.10009765625,41385.359375
2016-10-06,2160.77001953125,956.8300170898436,1544.239990234375,18268.5,8128.18994140625,642.82000732421875,5306.85009765625,4873.919921875,1197.43994140625,1246.239990234375,1279.4300537109375,22505.509765625
2015-04-21,2097.2900390625,917.04998779296875,1528.949951171875,17949.58984375,8815.75,585.79998779296875,5014.10009765625,4435.97998046875,1172.5699462890625,1264.1500244140625,1256.5899658203125,22232.140625
2021-11-23,4690.7001953125,2166.169921875,2873.389892578125,35813.80078125,16874.529296875,922.65997314453125,15775.1396484375,16306.7197265625,2617.050048828125,2327.860107421875,2765.860107421875,48300.05859375
2019-11-27,3153.6298828125,1404.1500244140625,2030.780029296875,28164,10947.5498046875,852.8699951171875,8705.1796875,8444.7099609375,1744.3800048828125,1634.0999755859375,1850.219970703125,32167.240234375
2020-03-18,2398.10009765625,1110.5899658203125,1258.239990234375,19898.919921875,6971.43994140625,737.25,6989.83984375,7175.18017578125,1304.56005859375,991.15997314453125,1366.6199951171875,23731.69921875
2017-10-06,2549.330078125,1125.030029296875,1818.4300537109375,22773.669921875,9886.8798828125,731.1500244140625,6590.18017578125,6064.56982421875,1413.8499755859375,1510.219970703125,1513.68994140625,26548.890625
2021-07-28,4400.64013671875,2023.5899658203125,2679.7099609375,34930.9296875,14359.7998046875,915.7899780273436,14762.580078125,15018.099609375,2473.360107421875,2224.9599609375,2615.8798828125,45830.73828125
2024-12-20,5930.85009765625,2915.830078125,3124.280029296875,42840.26171875,15891.990234375,986.32000732421875,19572.599609375,21289.150390625,3250.360107421875,2242.3701171875,3386.800048828125,59494.12890625
2024-04-02,5205.81005859375,2460.820068359375,2986.18994140625,39170.23828125,15846.849609375,875.70001220703125,16240.4501953125,18121.779296875,2852.860107421875,2065.0400390625,2979.7099609375,52323.4296875
2016-08-18,2187.02001953125,967.0800170898436,1561.52001953125,18597.69921875,7922.06005859375,691.52001953125,5240.14990234375,4808.68017578125,1211.199951171875,1236.8499755859375,1292.27001953125,22699.80078125
2011-06-17,1271.5,567.03997802734375,932.75,12004.3603515625,5158.5498046875,426.7900085449219,2616.47998046875,2192.9599609375,706.280029296875,781.75,758.55999755859375,13448.240234375
2013-07-30,1685.9599609375,756.30999755859375,1226.97998046875,15520.58984375,6421.81982421875,507.2799987792969,3616.469970703125,3085.330078125,936.95001220703125,1043.510009765625,1006.6900024414062,17888.560546875
2015-04-17,2081.179931640625,909.8699951171876,1515.800048828125,17826.30078125,8647.5,583.280029296875,4931.81005859375,4351.7998046875,1163.489990234375,1251.8599853515625,1246.6700439453125,22060.7890625
2015-12-07,2077.070068359375,927.760009765625,1434.43994140625,17730.509765625,7884.77978515625,562.9000244140625,5101.81005859375,4693.6201171875,1150.4300537109375,1164.300048828125,1226.6600341796875,21489.19921875
2024-09-10,5495.52001953125,2635.699951171875,2947.7900390625,40736.9609375,15609.1201171875,1043.68994140625,17025.880859375,18829.140625,2995.659912109375,2097.43994140625,3123.56005859375,54868.62890625
2021-06-28,4290.60986328125,1961.449951171875,2699.85009765625,34283.26953125,14834.5703125,893.2100219726564,14500.509765625,14524.98046875,2419.43994140625,2322.340087890625,2569.8701171875,45109.94140625
2017-10-19,2562.10009765625,1130.7099609375,1823.8499755859375,23163.0390625,9886.509765625,747.8599853515625,6605.06982421875,6092.6201171875,1420.22998046875,1502.0400390625,1519.3499755859375,26639.890625
2025-06-20,5967.83984375,2918.8701171875,3025.179931640625,42206.8203125,14764.7998046875,1037.6099853515625,19447.41015625,21626.390625,3266.669921875,2109.27001953125,3393.64990234375,59614.1796875
2023-11-17,4514.02001953125,2135.2900390625,2536.780029296875,34947.28125,14932.2998046875,863.5,14125.48046875,15837.990234375,2468.760009765625,1797.77001953125,2579.3798828125,45312.9609375
2023-01-31,4076.60009765625,1816.2900390625,2652.6201171875,34086.0390625,14648.33984375,971.02001953125,11584.5498046875,12101.9296875,2244.909912109375,1931.93994140625,2367.610107421875,40724.9609375
2014-06-20,1962.8699951171875,866.1500244140625,1425.3599853515625,16947.080078125,8205.1103515625,566.46002197265625,4368.0400390625,3802.639892578125,1095.1300048828125,1188.4300537109375,1174.260009765625,20834.759765625
2022-01-04,4793.5400390625,2212.679931640625,2865.5400390625,36799.6484375,16579.58984375,969.72998046875,15622.7197265625,16279.73046875,2656.489990234375,2268.8701171875,2800.409912109375,48660.75
2014-01-03,1831.3699951171875,816.469970703125,1333.780029296875,16469.990234375,7327.3701171875,481.3999938964844,4131.91015625,3538.72998046875,1021.22998046875,1156.0899658203125,1098.6800537109375,19541.73046875
