date,STOXX50E,FTSE100,FTSE250,DAX40,MDAX,TecDAX,CAC40,AEX,IBEX35,SMI
2021-01-14,3641.3701171875,6802,20775.80078125,13988.7001953125,31572.080078125,3291.919921875,5681.14013671875,656.65997314453125,8372.400390625,10850.8095703125
2021-03-29,3882.8701171875,6736.2001953125,21435.5,14817.7197265625,31460.5,3368.639892578125,6015.509765625,697.94000244140625,8492.099609375,11089.599609375
2020-01-29,3736.360107421875,7483.60009765625,21469,13345,28513.5,3157.64990234375,5954.89013671875,605.219970703125,9546.7001953125,10859.8798828125
2013-02-22,2630.050048828125,6335.7001953125,13668.900390625,7661.91015625,13119.7998046875,906.7100219726564,3706.280029296875,339.8699951171875,8178.99169921875,7554.3798828125
2011-10-18,2306.81005859375,5410.39990234375,10178.900390625,5877.41015625,8973.8603515625,677.55999755859375,3141.10009765625,298.67999267578125,8811.291015625,5682.509765625
2023-03-06,4313.77978515625,7929.7998046875,20064.099609375,15653.580078125,29172.98046875,3278.3701171875,7373.2099609375,759.8300170898436,9511,11147.25
2018-07-04,3412.030029296875,7573.10009765625,20652.5,12317.6103515625,25664.0703125,2698.239990234375,5320.5,549.219970703125,9757.5,8663.5302734375
2015-09-03,3270.090087890625,6194.10009765625,17087.19921875,10317.83984375,19780.2109375,1718.219970703125,4653.7900390625,444.5499877929687,10042.390625,8775.6396484375
2024-09-25,4916.89013671875,8268.7001953125,20755.400390625,18918.5,26317.30078125,3298.89990234375,7565.6201171875,906.030029296875,11792.599609375,12148.3798828125
2016-02-12,2756.159912109375,5707.60009765625,15431.2998046875,8967.509765625,17924.029296875,1512.22998046875,3995.06005859375,391.8599853515625,7920.7919921875,7656.60009765625
2016-03-04,3037.35009765625,6199.39990234375,16931.19921875,9824.169921875,19781.26953125,1653.5699462890625,4456.6201171875,437.989990234375,8811.5908203125,7982.56982421875
2015-04-01,3714.889892578125,6809.5,17123.400390625,12001.3798828125,20840.55078125,1614,5062.22021484375,490.0400085449219,11569.7880859375,9137.259765625
2025-01-16,5106.93017578125,8391.900390625,20527.69921875,20655.390625,25511.380859375,3549.739990234375,7634.740234375,907.65997314453125,11840.599609375,11942
2013-09-19,2936.199951171875,6625.39990234375,15137.099609375,8694.1796875,15059.150390625,1074.5400390625,4206.0400390625,382.5799865722656,9153.69140625,8092.2900390625
2021-10-26,4223.97021484375,7277.60009765625,23161.30078125,15757.0595703125,35106.30078125,3847.06005859375,6766.509765625,816.90997314453125,9001.599609375,12146.51953125
2017-08-16,3484.570068359375,7433,19859.19921875,12263.8603515625,24965.189453125,2267.39990234375,5176.60986328125,525.8900146484375,10544.2998046875,9037.919921875
2022-03-31,3902.52001953125,7515.7001953125,21160.099609375,14414.75,31011.7109375,3302.840087890625,6659.8701171875,724.20001220703125,8445.099609375,12161.5302734375
2015-02-23,3519.580078125,6912.2001953125,17168,11130.919921875,19851.73046875,1569.6400146484375,4862.2998046875,475.2200012207031,10990.0888671875,8977.6904296875
2015-07-27,3513.10009765625,6505.10009765625,17267.599609375,11056.400390625,20103.19921875,1751.9599609375,4927.60009765625,481.5199890136719,11145.388671875,9194.48046875
2014-11-21,3194.219970703125,6750.7998046875,15691.599609375,9732.5498046875,16840.939453125,1329.02001953125,4347.22998046875,423.4599914550781,10520.7890625,9080.5498046875
2012-06-06,2137.72998046875,5384.10009765625,10583.7998046875,6093.990234375,10036.099609375,736.219970703125,3058.43994140625,291.3900146484375,6418.8935546875,5822.6298828125
2015-03-03,3549.110107421875,6889.10009765625,17146,11280.3603515625,19883.6796875,1567.6099853515625,4869.25,480.05999755859375,11014.689453125,8954.6796875
2019-03-13,3323.449951171875,7159.2001953125,19180.099609375,11572.41015625,24857.44921875,2653.280029296875,5306.3798828125,539.260009765625,9192.7001953125,9387.4296875
2016-08-17,2980.5400390625,6859.2001953125,17758.69921875,10537.669921875,21469.98046875,1698.02001953125,4417.68017578125,447.5700073242187,8487,8153.7998046875
2022-10-14,3381.72998046875,6858.7998046875,17032.80078125,12437.8095703125,22332.630859375,2714.889892578125,5931.919921875,630.58001708984375,7382.5,10329.33984375
2019-06-17,3383.2099609375,7357.2998046875,19157.599609375,12085.8203125,25305.609375,2794.139892578125,5390.9501953125,552.280029296875,9131.7001953125,9851.5703125
2021-06-29,4107.509765625,7087.60009765625,22542.19921875,15690.58984375,34295.8515625,3605.47998046875,6567.43017578125,734.19000244140625,8915.099609375,12028.4501953125
2016-11-28,3016.800048828125,6799.5,17518.30078125,10582.669921875,20805.060546875,1709.9300537109375,4510.39013671875,452.7099914550781,8619.2998046875,7823.22998046875
2017-10-24,3610.68994140625,7526.5,20113.19921875,13013.1904296875,26137.44921875,2487.530029296875,5394.7998046875,543.66998291015625,10205.7001953125,9194.83984375
2018-04-16,3441.0400390625,7198.2001953125,19771.5,12391.41015625,25538.26953125,2607.6201171875,5312.9599609375,546.6199951171875,9766.099609375,8726.5400390625
2011-11-09,2249.389892578125,5460.39990234375,10268.900390625,5829.5400390625,8871.3798828125,691.6500244140625,3075.159912109375,294.3999938964844,8340.5908203125,5607.85009765625
2023-02-24,4178.81982421875,7878.7001953125,19696.5,15209.740234375,28424.810546875,3200.35009765625,7187.27001953125,746.40997314453125,9201.5,11181.76953125
2017-07-27,3493.139892578125,7443,19879.400390625,12212.0400390625,24860.66015625,2283.409912109375,5186.9501953125,530.3499755859375,10603.400390625,9017.7900390625
2021-10-13,4083.280029296875,7141.7998046875,22635.30078125,15249.3798828125,33757.26171875,3649.530029296875,6597.3798828125,777.52001953125,8881.400390625,11814.58984375
2013-04-08,2589.25,6276.89990234375,13523.7001953125,7662.64013671875,12988.990234375,912.6400146484376,3666.780029296875,340.9100036621094,7787.09228515625,7691.83984375
2018-09-19,3368.56005859375,7331.10009765625,20500.5,12219.01953125,26248.939453125,2867.02001953125,5393.740234375,543.07000732421875,9486.2998046875,8939.849609375
2012-07-11,2246.22998046875,5664.5,10967.7998046875,6453.85009765625,10446.169921875,752.3599853515625,3157.25,312.54998779296875,6805.89306640625,6174.75
2022-10-20,3492.85009765625,6943.89990234375,17388.900390625,12767.41015625,23273.029296875,2755.22998046875,6086.89990234375,652.03997802734375,7644.39990234375,10473.4501953125
2015-10-08,3224.9599609375,6374.7998046875,17003.80078125,9993.0703125,20108.0703125,1773.239990234375,4675.91015625,442.0799865722656,10181.189453125,8674.169921875
2021-08-04,4144.89990234375,7123.89990234375,23347.69921875,15692.1298828125,35485.55078125,3761.8798828125,6746.22998046875,766.239990234375,8792.900390625,12178.740234375
2021-05-12,3947.429931640625,7004.60009765625,22107.80078125,15150.2197265625,31638.6796875,3262.389892578125,6279.35009765625,694.760009765625,9007.7001953125,11033.900390625
2018-04-27,3518.780029296875,7502.2001953125,20271.599609375,12580.8701171875,25859.490234375,2625.9599609375,5483.18994140625,554.94000244140625,9925.400390625,8843.01953125
2014-09-15,3231.699951171875,6804.2001953125,15649.2001953125,9659.6298828125,16122.6201171875,1251.050048828125,4428.6298828125,417.6499938964844,10841.2890625,8796.41015625
2023-03-03,4294.7998046875,7947.10009765625,19925.80078125,15578.3896484375,28918.650390625,3245.679931640625,7348.1201171875,760.57000732421875,9464.2001953125,11190.08984375
2018-08-08,3493.60009765625,7776.7001953125,20770.599609375,12633.5400390625,26793.830078125,2927.199951171875,5501.89990234375,573.70001220703125,9747.099609375,9176.150390625
2015-04-16,3751.719970703125,7060.5,17730.30078125,11998.8603515625,21333.58984375,1654.3299560546875,5224.490234375,504.3800048828125,11611.6884765625,9398.599609375
2023-02-13,4241.35986328125,7947.60009765625,20124.5,15397.33984375,28509.099609375,3268.7099609375,7208.58984375,762.6400146484375,9210.2998046875,11209.33984375
2023-03-30,4285.419921875,7620.39990234375,18907.69921875,15522.400390625,27458.7890625,3323.659912109375,7263.3701171875,752.4600219726564,9207.099609375,11032.2099609375
2012-04-02,2501.179931640625,5874.89990234375,11655.099609375,7056.64990234375,10873.2197265625,797.719970703125,3462.909912109375,326.3900146484375,8042.79150390625,6299.3798828125
2024-01-25,4582.259765625,7529.7001953125,19223.099609375,16906.919921875,26075.580078125,3335.320068359375,7464.2001953125,814.8699951171875,9916.599609375,11209.01953125
2016-02-05,2879.389892578125,5848.10009765625,16002.2998046875,9286.23046875,18685.740234375,1592.719970703125,4200.669921875,413.94000244140625,8499.4912109375,7960.1298828125
2011-09-06,2080.10009765625,5156.7998046875,10071.2001953125,5193.97021484375,8334.9296875,691.80999755859375,2965.639892578125,273.3299865722656,7936.39208984375,5367.240234375
2011-11-17,2242.780029296875,5423.10009765625,10150.2998046875,5850.169921875,8720.509765625,680.4000244140625,3010.2900390625,290.2099914550781,8270.5908203125,5644.6201171875
2016-05-13,2956.6298828125,6138.5,16650.30078125,9952.900390625,20152.259765625,1645.4300537109375,4319.990234375,433.5199890136719,8721.4912109375,7925.759765625
2021-09-27,4165.47998046875,7063.39990234375,23608.599609375,15573.8798828125,35274.140625,3844.780029296875,6650.91015625,788.6699829101564,9002.900390625,11691.1796875
2019-08-21,3394.889892578125,7204,19207.80078125,11802.849609375,25456.740234375,2783.550048828125,5435.47998046875,550.41998291015625,8701.5,9848.1103515625
2013-05-30,2799.199951171875,6657,14442.7001953125,8400.2001953125,14135.9501953125,969.05999755859375,3996.31005859375,367.69000244140625,8433.4912109375,8021.56982421875
2017-07-06,3462.06005859375,7337.2998046875,19369.099609375,12381.25,24557.080078125,2213.64990234375,5152.39990234375,509.94000244140625,10498.400390625,8886.9501953125
2011-07-29,2670.3701171875,5815.2001953125,11552.099609375,7158.77001953125,10486.8798828125,820.70001220703125,3672.77001953125,329.2200012207031,9630.6904296875,5783.35009765625
2013-12-10,2960.860107421875,6523.2998046875,15410.7998046875,9114.4404296875,15954.169921875,1137,4091.139892578125,385.55999755859375,9438.2900390625,7971.83984375
2022-11-10,3846.56005859375,7375.2998046875,19377.19921875,14146.08984375,25270.810546875,3068.010009765625,6556.830078125,700.6500244140625,8133.2001953125,11120.490234375
2011-08-17,2331.1201171875,5331.60009765625,10369.400390625,5948.93994140625,9084.0302734375,721.7100219726564,3254.340087890625,292.6499938964844,8728.19140625,5421.2099609375
2012-03-12,2514.969970703125,5892.7998046875,11563.900390625,6901.35009765625,10530.98046875,765.1099853515625,3490.06005859375,326.1000061035156,8180.19189453125,6189.85986328125
2012-02-15,2493.9599609375,5892.2001953125,11288.900390625,6757.93994140625,10352.9697265625,780.9199829101564,3390.35009765625,322.8599853515625,8741.5908203125,6198.33984375
2017-01-23,3273.0400390625,7151.2001953125,18116,11545.75,22568.48046875,1830.3800048828125,4821.41015625,482.7099914550781,9304.7998046875,8229.009765625
2011-03-01,2983.27001953125,5935.7998046875,11574.099609375,7223.2998046875,10304.8203125,900.1300048828125,4067.14990234375,367.9500122070313,10761.8896484375,6619.35986328125
2021-02-08,3665.510009765625,6523.5,21086.599609375,14059.91015625,32474.0703125,3525.6298828125,5686.02978515625,656.3900146484375,8219,10778.830078125
2019-09-17,3521.260009765625,7320.39990234375,20040.5,12372.6103515625,25958.009765625,2879.8701171875,5615.509765625,574.92999267578125,9004.2001953125,10013.8203125
2012-04-13,2291.510009765625,5651.7998046875,11311.099609375,6583.89990234375,10494,777.219970703125,3189.090087890625,306.1199951171875,7250.5927734375,6072.1201171875
2024-06-07,5051.31005859375,8245.400390625,20555.400390625,18557.26953125,26861.0703125,3454.72998046875,8001.7998046875,923.7100219726564,11404.900390625,12254.759765625
2021-07-13,4094.56005859375,7124.7001953125,22926.80078125,15789.6396484375,34920.6015625,3645.77001953125,6558.47021484375,742.8599853515625,8694.7998046875,12071.0498046875
2023-12-27,4528.3798828125,7725,19720.80078125,16742.0703125,27157.630859375,3339.89990234375,7571.81982421875,786.84002685546875,10121.7998046875,11113.98046875
2022-07-11,3471.68994140625,7196.60009765625,18837,12832.4404296875,25695.529296875,2979.06005859375,5996.2998046875,669.16998291015625,8065.2001953125,11027.16015625
2022-05-30,3841.6201171875,7600.10009765625,20546.900390625,14575.98046875,30188.01953125,3226.969970703125,6562.39013671875,708.34002685546875,8930.7998046875,11736.259765625
2021-03-18,3867.5400390625,6779.7001953125,21568.599609375,14775.51953125,31972.9609375,3400.06005859375,6062.7900390625,682.3900146484375,8624.599609375,10973.759765625
2021-10-20,4172.169921875,7223.10009765625,22966.69921875,15522.919921875,34540.48046875,3749.22998046875,6705.60986328125,805.469970703125,9017.900390625,12013.150390625
2023-09-07,4221.02001953125,7441.7001953125,18383.900390625,15718.66015625,27160.830078125,3109.800048828125,7196.10009765625,739.7100219726564,9310,10993.4296875
2015-10-30,3418.22998046875,6361.10009765625,17117.19921875,10850.1396484375,21174.529296875,1799.47998046875,4897.66015625,462.1199951171875,10360.689453125,8938.650390625
2014-01-29,3011.449951171875,6544.2998046875,15688.2998046875,9336.73046875,16309.259765625,1217.6700439453125,4156.97998046875,389.3299865722656,9896.1904296875,8135.81005859375
2024-05-16,5072.4501953125,8438.7001953125,20822.80078125,18738.810546875,27508.470703125,3444.030029296875,8188.490234375,913.55999755859375,11299.2998046875,11946.66015625
2012-07-12,2228.010009765625,5608.2998046875,10924.099609375,6419.35009765625,10388.2802734375,739.469970703125,3135.179931640625,311.4200134277344,6630.09326171875,6147.56982421875
2025-06-12,5360.81982421875,8884.900390625,21386.69921875,23771.44921875,30201.69921875,3860.739990234375,7765.10986328125,930.47998046875,14088.900390625,12323.400390625
2019-04-10,3424.64990234375,7421.89990234375,19484.80078125,11905.91015625,25165.83984375,2741.72998046875,5449.8798828125,561.8499755859375,9406.5,9556.3095703125
2019-06-27,3442.3798828125,7402.2998046875,19314.5,12271.0302734375,25341.1796875,2836.35009765625,5493.60986328125,557.530029296875,9147.7998046875,9859.759765625
2013-02-08,2630.300048828125,6263.89990234375,13375.2998046875,7652.14013671875,12759.5595703125,885.30999755859375,3649.5,345.1300048828125,8174.8916015625,7395.97021484375
2011-01-20,2927.419921875,5867.89990234375,11505,7024.27001953125,10075.599609375,863.17999267578125,3964.840087890625,356.1400146484375,10636.8896484375,6513.5
2019-08-16,3329.080078125,7117.2001953125,18821.900390625,11562.740234375,24817.080078125,2703.260009765625,5300.7900390625,541.94000244140625,8670.400390625,9728.3896484375
2019-04-17,3477.72998046875,7471.2998046875,19858.099609375,12153.0703125,25796.8203125,2813.090087890625,5563.08984375,566.19000244140625,9549.7998046875,9596.599609375
2018-10-24,3130.330078125,6963,18406.5,11191.6298828125,23278.150390625,2531.800048828125,4953.08984375,507.7999877929687,8677.400390625,8724.6103515625
2014-02-03,2963.9599609375,6465.7001953125,15558.2001953125,9186.51953125,16013.830078125,1211.93994140625,4107.75,383.6300048828125,9725.390625,8107.02001953125
2021-01-06,3611.080078125,6841.89990234375,20973.19921875,13891.9697265625,31121.009765625,3241.2900390625,5630.60009765625,639.15997314453125,8350.2998046875,10747.080078125
2016-06-10,2911.110107421875,6115.7998046875,16827.5,9834.6201171875,20185.16015625,1641.8199462890625,4306.72021484375,435.7699890136719,8490.4912109375,7922.7099609375
2024-08-27,4898.77978515625,8345.5,21162.099609375,18681.810546875,25281.220703125,3348.419921875,7565.77978515625,907.94000244140625,11326.900390625,12296.7197265625
2015-07-23,3634.639892578125,6655,17619.099609375,11512.1103515625,20749.109375,1816.22998046875,5086.740234375,496.3500061035156,11441.888671875,9381.5703125
2023-02-20,4271.18017578125,8014.2998046875,20098.400390625,15477.5498046875,28804.220703125,3266.199951171875,7335.60986328125,762.6300048828125,9281.2998046875,11266.6796875
2015-02-16,3433.300048828125,6857.10009765625,16861.19921875,10923.23046875,19282.9609375,1523.010009765625,4751.9501953125,462.8200073242187,10689.4892578125,8712.6904296875
2021-07-26,4102.58984375,7025.39990234375,22933.19921875,15618.98046875,35088.55078125,3644.419921875,6578.60009765625,745.0999755859375,8775.2001953125,12049.6298828125
2023-05-12,4317.8798828125,7754.60009765625,19188.400390625,15913.8203125,27335.3203125,3230.159912109375,7414.85009765625,752.989990234375,9234.099609375,11564.73046875
2020-07-14,3321.389892578125,6179.7998046875,17174.69921875,12697.3603515625,26689.69921875,3026.300048828125,5007.4599609375,572.510009765625,7352,10259.5
2016-11-24,3040.60009765625,6829.2001953125,17590.599609375,10689.259765625,20780.220703125,1727.6400146484375,4542.56005859375,457.44000244140625,8657.2001953125,7798.5
2024-09-06,4738.06005859375,8181.5,20494,18301.900390625,25046.51953125,3225.77001953125,7352.2998046875,879.2899780273436,11173,11908.240234375
2013-09-27,2919.340087890625,6512.7001953125,14924.900390625,8661.509765625,15077.8095703125,1087.68994140625,4186.77001953125,375.7699890136719,9228.390625,8055
2019-10-31,3604.409912109375,7248.39990234375,20021.5,12866.7900390625,26249.30078125,2796.5,5729.85986328125,576.6300048828125,9257.5,10219.8203125
2015-08-21,3247.260009765625,6187.7001953125,16876.599609375,10124.51953125,19341.98046875,1624.5999755859375,4630.990234375,442.8699951171875,10271.689453125,8798.5703125
2024-02-28,4883.77001953125,7625,19013.599609375,17601.220703125,25885.75,3389.31005859375,7954.39013671875,847.4600219726564,10068.599609375,11414.3798828125
2015-06-18,3450.449951171875,6707.89990234375,17678.900390625,11100.2998046875,19522.580078125,1637.780029296875,4803.47998046875,472.9700012207031,10871.8896484375,8880.2900390625
2017-02-20,3312.389892578125,7299.89990234375,18746.19921875,11827.6201171875,23453.990234375,1899.27001953125,4864.990234375,495.6600036621094,9526.599609375,8514.51953125
2018-11-14,3205.360107421875,7033.7998046875,18910.099609375,11412.5302734375,24034.349609375,2591.330078125,5068.85009765625,527.1400146484375,9106.599609375,8931.2001953125
2017-02-10,3270.830078125,7258.7998046875,18715.400390625,11666.9697265625,23032.19921875,1870.6500244140625,4828.31982421875,489.55999755859375,9378.099609375,8456.2197265625
2012-12-12,2630.340087890625,5945.89990234375,12224.2998046875,7614.7900390625,11952.1201171875,835.780029296875,3646.659912109375,344.3500061035156,7986.79150390625,6959.39013671875
2019-08-14,3288.699951171875,7147.89990234375,18731.099609375,11492.66015625,24660.509765625,2696.669921875,5251.2998046875,536.65997314453125,8522.7001953125,9628.48046875
2023-06-28,4344.75,7500.5,18412.80078125,15949,27220.44921875,3145.409912109375,7286.31982421875,767.77001953125,9481.2998046875,11183.5498046875
2018-10-17,3243.080078125,7054.60009765625,19014,11715.0302734375,24413.66015625,2686.889892578125,5144.9501953125,527.58001708984375,8997.2001953125,8750.349609375
2018-08-15,3359.080078125,7497.89990234375,20320.400390625,12163.009765625,26200.939453125,2843.139892578125,5305.22021484375,552.70001220703125,9386.7998046875,8926.23046875
2015-07-17,3670.340087890625,6775.10009765625,17755.900390625,11673.419921875,20996.76953125,1801.0799560546875,5124.39013671875,500.4299926757813,11480.6884765625,9446.169921875
2011-09-05,2107.27001953125,5102.60009765625,10084.099609375,5246.18017578125,8402.919921875,696.58001708984375,2999.5400390625,274.45001220703125,8066.49169921875,5142.990234375
2015-06-01,3575.0400390625,6953.60009765625,18220.19921875,11436.0498046875,20625.259765625,1697.5999755859375,5025.2998046875,492.25,11238.087890625,9267.4404296875
2023-10-26,4049.39990234375,7354.60009765625,16783.099609375,14731.0498046875,23796.75,2834.320068359375,6888.9599609375,719.29998779296875,8962.7998046875,10367.6904296875
2024-03-27,5081.740234375,7932,19810.69921875,18477.08984375,27091.94921875,3457.360107421875,8204.8095703125,879.0999755859375,11111.2998046875,11705.7099609375
2016-08-26,3010.360107421875,6838.10009765625,17930.80078125,10587.76953125,21560.140625,1723.199951171875,4441.8701171875,453.010009765625,8659.5,8168.31982421875
2020-04-21,2791.340087890625,5641,15399.2998046875,10249.849609375,21948.25,2832.10009765625,4357.4599609375,495.760009765625,6634.89990234375,9547.849609375
2013-07-01,2622.6201171875,6307.7998046875,14030.7001953125,7983.919921875,13806.400390625,955.1500244140624,3767.47998046875,347.3699951171875,7907.09228515625,7741.06982421875
2020-09-08,3267.3701171875,5930.2998046875,17625.19921875,12968.330078125,27210.33984375,3024.02001953125,4973.52001953125,540.78997802734375,6955,10250.4404296875
2022-04-27,3734.639892578125,7425.60009765625,20437.80078125,13793.9404296875,29816.3203125,3091.050048828125,6445.259765625,696.3499755859375,8477.7001953125,12051.48046875
2011-07-11,2709.139892578125,5929.2001953125,11880.099609375,7230.25,10813.150390625,877.67999267578125,3807.510009765625,336.1600036621094,9670.58984375,6053
2020-03-16,2450.3701171875,5151.10009765625,14349.7998046875,8742.25,19230.19921875,2286.72998046875,3881.4599609375,416.7699890136719,6107.2001953125,8227.080078125
2013-10-21,3028.64990234375,6654.2001953125,15522,8867.2197265625,15800.0703125,1118.81005859375,4276.919921875,388.2799987792969,10037.7900390625,8124.080078125
2019-01-29,3153.419921875,6833.89990234375,18702.599609375,11218.830078125,23689.330078125,2632.4599609375,4928.18017578125,515,9119.099609375,8940.51953125
2022-09-07,3502.090087890625,7237.7998046875,18811.5,12915.9697265625,24996.30078125,2927.18994140625,6105.919921875,671.27001953125,7855.89990234375,10805.16015625
2024-10-10,4970.33984375,8237.7001953125,20708.400390625,19210.900390625,26745.7890625,3368.25,7541.58984375,911.32000732421875,11656.7001953125,12077.759765625
2014-10-22,3008.530029296875,6399.7001953125,15170.099609375,8940.1396484375,15583.3701171875,1208.22998046875,4105.08984375,396.010009765625,10249.8896484375,8506.1396484375
2022-12-07,3920.89990234375,7489.2001953125,18930.599609375,14261.1904296875,25263.080078125,3028.010009765625,6660.58984375,718.34002685546875,8290.5,11009.9501953125
2020-04-30,2927.929931640625,5901.2001953125,16454.5,10861.6396484375,23043.69921875,2854.64990234375,4572.18017578125,512.91998291015625,6922.2998046875,9629.400390625
2014-06-23,3282.580078125,6800.60009765625,15675.2998046875,9920.919921875,16846.970703125,1322.4300537109375,4515.56982421875,415.5899963378906,11118.2880859375,8644.5703125
2023-12-20,4533.81982421875,7715.7001953125,19629.099609375,16733.05078125,27353.01953125,3337.610107421875,7583.43017578125,793.69000244140625,10101,11144.8798828125
2015-01-14,3089.669921875,6388.5,15872.099609375,9817.080078125,17264.560546875,1421.6300048828125,4223.240234375,418.3299865722656,9845.990234375,9198.2001953125
2013-07-12,2674.8701171875,6544.89990234375,14699.400390625,8212.76953125,14014.1396484375,991.67999267578125,3855.090087890625,364.9500122070313,7844.6923828125,7983.18017578125
2018-11-05,3217.3701171875,7103.7998046875,19063.69921875,11494.9599609375,24250.560546875,2647.760009765625,5101.39013671875,521.94000244140625,9010.7001953125,9008.580078125
2012-12-07,2601.3701171875,5914.39990234375,12187.599609375,7517.7998046875,11896.73046875,835.7899780273436,3605.610107421875,342.6099853515625,7848.4921875,6925.25
2019-02-21,3263.699951171875,7167.39990234375,19236.900390625,11423.2802734375,24301.560546875,2601.85009765625,5196.10986328125,540.57000732421875,9191.2001953125,9333.5703125
2011-08-15,2324.47998046875,5350.60009765625,10531.7998046875,6022.240234375,9318.1904296875,756.7100219726564,3239.06005859375,293.70001220703125,8708.9912109375,5324.72998046875
2022-01-31,4174.60009765625,7464.39990234375,21926.599609375,15471.2001953125,33321.73046875,3458.080078125,6999.2001953125,755.20001220703125,8612.7998046875,12226.7001953125
2017-09-01,3443.8798828125,7438.5,19786.19921875,12142.6396484375,24826.98046875,2310.989990234375,5123.259765625,518.17999267578125,10325.5,8941.6201171875
2022-06-30,3454.860107421875,7169.2998046875,18666.80078125,12783.76953125,25823.44921875,2885.6201171875,5922.85986328125,659.22998046875,8098.7001953125,10741.2099609375
2019-12-30,3748.469970703125,7587.10009765625,21936.30078125,13249.009765625,28312.80078125,3014.93994140625,5982.22021484375,605.83001708984375,9612.599609375,10616.9404296875
2019-12-18,3739,7540.7998046875,21663.099609375,13222.16015625,28192.359375,3032.43994140625,5959.60009765625,606.03997802734375,9621.7998046875,10556.740234375
2021-02-01,3530.85009765625,6466.39990234375,20392.599609375,13622.01953125,31441.30078125,3412.169921875,5461.68017578125,647.34002685546875,7798.2001953125,10740.2197265625
2015-03-19,3670.72998046875,6962.2998046875,17438.19921875,11899.400390625,20786.380859375,1639.72998046875,5037.18017578125,496.010009765625,11090.98828125,9328.48046875
2012-04-27,2344.02001953125,5777.10009765625,11479.7001953125,6801.31982421875,10910.1103515625,791.47998046875,3266.27001953125,310.75,7145.79248046875,6116.35986328125
2024-08-29,4966.27001953125,8379.599609375,21031.099609375,18912.5703125,25508.740234375,3403.5,7640.9501953125,923.780029296875,11358.599609375,12417.7197265625
2022-08-02,3684.6298828125,7409.10009765625,19874.099609375,13449.2001953125,27380.109375,3119.830078125,6409.7998046875,725.75,8096.89990234375,11118.099609375
2018-12-14,3092.60009765625,6845.2001953125,17666.900390625,10865.76953125,22281.44921875,2519.830078125,4853.7001953125,506.5299987792969,8886.099609375,8713.6796875
2016-02-25,2877.419921875,6012.7998046875,16399.099609375,9331.48046875,19022.8203125,1589.4200439453125,4248.4501953125,415.3800048828125,8215.5908203125,7794.0498046875
2018-04-12,3443.969970703125,7258.2998046875,19772.900390625,12415.009765625,25644.869140625,2607.93994140625,5309.22021484375,547.9000244140625,9747,8774.759765625
2016-07-25,2973.219970703125,6710.10009765625,17091,10198.240234375,20878.94921875,1683.75,4388,452.8399963378906,8575.7001953125,8194.41015625
2015-01-16,3202.239990234375,6550.2998046875,15922.5,10167.76953125,17675.419921875,1439.47998046875,4379.6201171875,432.9800109863281,10038.890625,7899.58984375
2019-07-04,3544.14990234375,7603.60009765625,19797.599609375,12629.900390625,26063.369140625,2944.300048828125,5620.72998046875,573.530029296875,9401,10066.48046875
2022-09-20,3467.090087890625,7192.7001953125,18528.099609375,12670.830078125,23759.509765625,2777.679931640625,5979.47021484375,661.6099853515625,7873.10009765625,10476.5400390625
2015-01-19,3220.89990234375,6585.5,16067.2001953125,10242.349609375,17874.119140625,1453.4100341796875,4394.93017578125,435.30999755859375,10157.4892578125,8152.77978515625
2011-07-25,2742.699951171875,5925.2998046875,11786.2001953125,7344.5400390625,10914.099609375,849.57000732421875,3812.969970703125,337.2699890136719,9866.1904296875,6017.490234375
2021-03-17,3849.739990234375,6762.7001953125,21558.599609375,14596.6103515625,31867.400390625,3372.7900390625,6054.81982421875,680.71002197265625,8599.5,10922.490234375
2018-03-05,3355.320068359375,7116,19567,12090.8701171875,25586.2890625,2537.360107421875,5167.22998046875,526.510009765625,9590.7998046875,8808.3798828125
2017-06-15,3525.4599609375,7419.39990234375,19553.69921875,12691.8095703125,25017.939453125,2249.02001953125,5216.8798828125,518.75,10699.599609375,8853.009765625
2013-05-31,2769.639892578125,6583.10009765625,14350.900390625,8348.83984375,14093.58984375,964.9199829101564,3948.590087890625,363.3800048828125,8320.5908203125,7947.009765625
2023-11-08,4178.490234375,7401.7001953125,17846.30078125,15229.599609375,25391.119140625,2993.52001953125,7034.16015625,734.6400146484375,9283.7998046875,10595.0595703125
2018-10-01,3414.159912109375,7495.7001953125,20401.19921875,12339.0302734375,26176.939453125,2852.22998046875,5506.81982421875,552.54998779296875,9407,9127.0498046875
2024-10-28,4969.830078125,8285.599609375,20835.099609375,19531.619140625,27336.970703125,3420.8701171875,7556.93994140625,896.80999755859375,11904,12237.9697265625
2020-02-21,3800.3798828125,7403.89990234375,21780.19921875,13579.330078125,28983.390625,3237.14990234375,6029.72021484375,617.33001708984375,9886.2001953125,11110.7802734375
2018-04-19,3486.60009765625,7328.89990234375,20147.19921875,12567.419921875,26020.669921875,2638.760009765625,5391.64013671875,551.30999755859375,9868,8833.1796875
2013-10-11,2974.280029296875,6487.2001953125,14969.7998046875,8724.830078125,15235.0400390625,1088.199951171875,4219.97998046875,376.1099853515625,9668.490234375,7936.080078125
2025-01-22,5205.830078125,8545.099609375,20580.30078125,21254.26953125,26055.919921875,3663.550048828125,7837.39990234375,914.45001220703125,11882.7001953125,12207.8896484375
2017-08-21,3423.530029296875,7318.89990234375,19646.900390625,12065.990234375,24701.490234375,2245.52001953125,5087.58984375,516.71002197265625,10360.2001953125,8883.7802734375
2021-06-01,4071.75,7080.5,22875,15567.3603515625,33559.1484375,3412.139892578125,6489.39990234375,715.94000244140625,9189.7001953125,11434.8798828125
2024-10-29,4950.02001953125,8219.599609375,20622.80078125,19478.0703125,27060.919921875,3415.169921875,7511.10986328125,894.6400146484375,11795.2998046875,12100.5703125
2018-05-15,3564.2900390625,7723,20784.900390625,12970.0400390625,26570.330078125,2772.260009765625,5553.16015625,564.489990234375,10207.599609375,8994.2197265625
2012-05-29,2160.31005859375,5391.10009765625,10657.900390625,6396.83984375,10417.7998046875,764.510009765625,3084.699951171875,295.2699890136719,6251.69384765625,5914.72998046875
2021-03-23,3827.02001953125,6699.2001953125,21331.80078125,14662.01953125,31750.080078125,3416.110107421875,5945.2998046875,681.739990234375,8390.2998046875,11098.66015625
2023-03-14,4179.47021484375,7637.10009765625,19129.69921875,15232.830078125,27779.759765625,3254.18994140625,7141.56982421875,737.52001953125,9159,10716.7197265625
2023-08-10,4384.0400390625,7618.60009765625,18993.80078125,15996.51953125,28334.220703125,3157.070068359375,7433.6201171875,777.7899780273436,9502.2001953125,11149.7900390625
2022-11-29,3934.43994140625,7512,19186.19921875,14355.4501953125,25356.560546875,3025.830078125,6668.97021484375,717.739990234375,8322.099609375,11077.8095703125
2025-06-16,5339.56982421875,8875.2001953125,21284,23699.119140625,30006.05078125,3849.06005859375,7742.240234375,924.92999267578125,14110.7998046875,12090.8701171875
2018-09-05,3315.6201171875,7383.2998046875,20388.5,12040.4599609375,26252.83984375,2912.39990234375,5260.22021484375,546.90997314453125,9301.2998046875,8868.8603515625
2024-03-07,4974.22021484375,7692.5,19584,17842.849609375,26167.609375,3485.02001953125,8016.22021484375,868.739990234375,10319.599609375,11575.3701171875
2023-09-26,4129.18017578125,7625.7001953125,18336.69921875,15255.8701171875,25676.1796875,2967.56005859375,7074.02001953125,721.42999267578125,9366.900390625,10953.7001953125
2014-08-04,3070.4599609375,6677.5,15362.599609375,9154.1396484375,15511.150390625,1176.760009765625,4217.22021484375,395.9500122070313,10496.189453125,8304.0400390625
2021-07-21,4026.679931640625,6998.2998046875,22542,15422.5,34503.48046875,3594.820068359375,6464.47998046875,733.739990234375,8567,12021.580078125
2020-01-27,3677.840087890625,7412.10009765625,21303.69921875,13204.76953125,28133.890625,3133.8701171875,5863.02001953125,598.69000244140625,9366.2998046875,10675.9599609375
2013-04-05,2585.280029296875,6249.7998046875,13480.2001953125,7658.75,12922.900390625,903.489990234375,3663.47998046875,340.7099914550781,7798.39208984375,7641.10986328125
2022-09-27,3328.64990234375,6984.60009765625,17304.099609375,12139.6796875,22342.599609375,2655.1298828125,5753.81982421875,642.719970703125,7445.7001953125,10126.4296875
2019-09-09,3495.02001953125,7235.7998046875,19678.5,12226.099609375,26004.119140625,2864.0400390625,5588.9501953125,568.1300048828125,9010.599609375,10059.3701171875
2017-04-19,3420.989990234375,7114.39990234375,19417.80078125,12016.4501953125,23992.390625,2014.010009765625,5003.72998046875,511.2799987792969,10370.2998046875,8532.26953125
2021-12-08,4233.08984375,7337.39990234375,23229.900390625,15687.08984375,34704.37890625,3862.389892578125,7014.56982421875,797.719970703125,8478.400390625,12597.4296875
2016-06-02,3033.860107421875,6185.60009765625,17076.30078125,10208,20703.33984375,1698,4466,447.5899963378906,8957.8916015625,8205.8203125
2021-10-19,4166.830078125,7217.5,23054.099609375,15515.830078125,34590.359375,3741.929931640625,6669.85009765625,802.489990234375,8996.2998046875,11942.740234375
2013-11-18,3081.300048828125,6723.5,15290.5,9225.4296875,16215.740234375,1157.3699951171875,4320.68017578125,396.9800109863281,9783.08984375,8351.3798828125
2021-11-18,4383.7001953125,7256,23574.599609375,16221.73046875,35967.62890625,3966.75,7141.97998046875,825.05999755859375,8903.2001953125,12553.1904296875
2022-04-01,3918.679931640625,7537.89990234375,21218,14446.48046875,31192.630859375,3305.260009765625,6684.31005859375,728,8503.7001953125,12179.080078125
2013-11-26,3062.6201171875,6636.2001953125,15306.099609375,9290.0703125,16191.2900390625,1147.81005859375,4277.56982421875,394.1099853515625,9714.58984375,8238.919921875
2016-11-30,3051.610107421875,6783.7998046875,17545.80078125,10640.2998046875,20876.51953125,1717.1199951171875,4578.33984375,457.2099914550781,8688.2001953125,7875.18994140625
2013-09-30,2893.14990234375,6462.2001953125,14908.2001953125,8594.400390625,15034.26953125,1083.510009765625,4143.43994140625,374.9200134277344,9186.08984375,8022.60009765625
2016-03-14,3091.97998046875,6174.60009765625,16693.099609375,9990.259765625,20054.560546875,1644.780029296875,4506.58984375,444.0799865722656,9142.69140625,8018.35986328125
2018-06-14,3527.110107421875,7765.7998046875,21324,13107.099609375,27170.720703125,2943.679931640625,5528.4599609375,567.530029296875,9957.7001953125,8690.830078125
2023-07-07,4236.60009765625,7256.89990234375,18004,15603.400390625,27015.189453125,3096.72998046875,7111.8798828125,753.52001953125,9248.7998046875,10874.900390625
2020-12-11,3485.840087890625,6546.7998046875,19622.19921875,13114.2998046875,29608.5,3101.6298828125,5507.5498046875,614.46002197265625,8063.10009765625,10391.759765625
2023-06-27,4305.259765625,7461.5,18054.80078125,15846.8603515625,26894.23046875,3096.72998046875,7215.580078125,760.55999755859375,9393,11142.650390625
2013-02-26,2570.52001953125,6270.39990234375,13536,7597.10986328125,13002.8896484375,903.40997314453125,3621.919921875,335.2900085449219,7980.69189453125,7449.97998046875
2020-11-18,3482.169921875,6385.2001953125,19699.900390625,13201.8896484375,28799.05078125,3016.93994140625,5511.4501953125,600.8800048828125,7981.5,10563.8896484375
2017-05-22,3576.530029296875,7496.2998046875,19912.599609375,12619.4599609375,24968.470703125,2221.5,5322.8798828125,527.8499755859375,10793.400390625,9084.7802734375
2019-07-05,3527.97998046875,7553.10009765625,19655.30078125,12568.5302734375,25930.130859375,2924.889892578125,5593.72021484375,570.46002197265625,9335,9980.2197265625
2018-12-20,3000.06005859375,6711.89990234375,17446.900390625,10611.099609375,21523.650390625,2432.7900390625,4692.4599609375,485.9700012207031,8596.5,8414.48046875
2021-07-02,4084.31005859375,7123.2998046875,22747,15650.08984375,34462.96875,3568.77001953125,6552.85986328125,733.54998779296875,8907.599609375,11964.83984375
2012-12-03,2582.360107421875,5871.2001953125,12027.400390625,7435.2099609375,11625.8896484375,842.6400146484375,3566.590087890625,337.2799987792969,7889.1923828125,6838.7001953125
2020-02-27,3455.919921875,6796.39990234375,19783.5,12367.4599609375,26196.76953125,2942.2099609375,5495.60009765625,559.97998046875,8985.900390625,10205.4599609375
2019-02-26,3289.320068359375,7151.10009765625,19270.69921875,11540.7900390625,24377.4609375,2617.550048828125,5238.72021484375,543.17999267578125,9227.2001953125,9461.2099609375
2015-09-14,3175.6201171875,6084.60009765625,16925.69921875,10131.740234375,19446.9609375,1719,4518.14990234375,427.8800048828125,9696.390625,8686.169921875
2019-04-16,3463.360107421875,7469.89990234375,19923.400390625,12101.3203125,25774.369140625,2816.580078125,5528.669921875,565.19000244140625,9497.2998046875,9579.849609375
2020-06-08,3366.2900390625,6472.60009765625,18136.900390625,12819.58984375,26991.099609375,3193.239990234375,5175.52001953125,566.20001220703125,7896.10009765625,10152.76953125
2022-07-12,3487.050048828125,7209.89990234375,18855,12905.48046875,25755.1796875,2953.260009765625,6044.2001953125,670.67999267578125,8014.7998046875,11069.830078125
2024-11-22,4789.080078125,8262.099609375,20581.69921875,19322.58984375,26180.19921875,3370.0400390625,7255.009765625,879.79998779296875,11656.599609375,11716.5
2020-02-07,3798.489990234375,7466.7001953125,21499.30078125,13513.8095703125,28671.900390625,3179.2099609375,6029.75,616.46002197265625,9811,11001.5302734375
2024-07-18,4870.1201171875,8204.900390625,21234.19921875,18354.759765625,25587.439453125,3345.64990234375,7586.5498046875,916.0399780273436,11147.5,12247.6103515625
2012-11-12,2473.52001953125,5767.2998046875,11803.2998046875,7168.759765625,11317.9697265625,806.8900146484375,3411.64990234375,332.3299865722656,7567.7919921875,6696.669921875
2024-02-20,4760.27978515625,7719.2001953125,19109.599609375,17068.4296875,25758.310546875,3360.8798828125,7795.22021484375,848.280029296875,10038.2001953125,11456.9599609375
2014-05-28,3246.239990234375,6851.2001953125,15935.400390625,9939.169921875,16913.5390625,1291.75,4531.6298828125,405.94000244140625,10757.189453125,8706.5
2015-06-04,3556.3798828125,6859.2001953125,18090.400390625,11340.599609375,20278.630859375,1692.300048828125,4987.1298828125,485.2900085449219,11146.087890625,9233.650390625
2014-10-06,3138.669921875,6563.7001953125,15277,9209.509765625,15757.1103515625,1226.25,4286.52001953125,412.239990234375,10645.689453125,8723.0400390625
2017-05-11,3623.550048828125,7386.60009765625,19795.69921875,12711.0595703125,24907.390625,2147.010009765625,5383.419921875,534.239990234375,10861.400390625,9064.8798828125
2020-04-20,2909.5,5812.7998046875,15822.7001953125,10675.900390625,22460.83984375,2906.5,4528.2998046875,512.760009765625,6831.5,9785.26953125
2016-05-12,2935.4599609375,6104.2001953125,16659.900390625,9862.1201171875,20047.16015625,1630.8900146484375,4293.27001953125,430.8900146484375,8663.0908203125,7885.85009765625
2011-10-04,2091.090087890625,4944.39990234375,9425.900390625,5216.7099609375,7783.14013671875,626.219970703125,2850.550048828125,270.05999755859375,8225.3916015625,5444.5498046875
2012-09-07,2538.60009765625,5794.7998046875,11808,7214.5,11177.51953125,810.1300048828125,3519.050048828125,337.57000732421875,7882.7919921875,6537.31982421875
2013-07-24,2752.25,6620.39990234375,14835.099609375,8379.1103515625,14191.0703125,999.54998779296875,3962.75,371.9599914550781,8192.4912109375,7923.06982421875
2024-08-12,4671.8798828125,8210.2998046875,20677.19921875,17726.470703125,24152.880859375,3260.580078125,7250.669921875,885.6500244140625,10646.2001953125,11873.7099609375
2016-06-13,2853.52001953125,6045,16574.30078125,9657.4404296875,19801.119140625,1611.8199462890625,4227.02001953125,428.2000122070313,8303.791015625,7782.35009765625
2023-09-28,4161.56005859375,7601.89990234375,18098.69921875,15323.5,25718.4296875,2990.659912109375,7116.240234375,725.989990234375,9426.7998046875,10917.7900390625
2020-03-05,3363.580078125,6705.39990234375,19323.099609375,11944.7197265625,25679.689453125,2912,5361.10009765625,552.53997802734375,8683,10143.5703125
2018-09-25,3419.780029296875,7507.60009765625,20461.099609375,12374.66015625,26095.220703125,2854.590087890625,5479.10009765625,552.6400146484375,9493.599609375,9021.6103515625
2014-03-10,3092.7900390625,6689.5,16451.19921875,9265.5,16494.470703125,1266.5999755859375,4370.83984375,393.3999938964844,10194.5888671875,8367.5498046875
2017-05-10,3645.739990234375,7385.2001953125,19876.80078125,12757.4599609375,25132.240234375,2155.159912109375,5400.4599609375,535.65997314453125,11034.7998046875,9089.7998046875
2013-04-19,2575.159912109375,6286.60009765625,13616.7001953125,7459.9599609375,13019.08984375,906.69000244140625,3651.9599609375,341.67999267578125,7915.4921875,7618.759765625
2014-03-31,3161.60009765625,6598.39990234375,16273.7001953125,9555.91015625,16461.6796875,1251.97998046875,4391.5,403.2099914550781,10340.4892578125,8453.8203125
2016-10-10,3035.760009765625,7097.5,17978.900390625,10624.080078125,21474.6796875,1812.5,4497.259765625,455.239990234375,8701.5,8172.22021484375
2025-02-05,5271.1201171875,8623.2998046875,20762.900390625,21585.9296875,26648.25,3770.969970703125,7891.68017578125,919.45001220703125,12536.7001953125,12579.4404296875
2016-08-04,2932.340087890625,6740.2001953125,17244.30078125,10227.8603515625,20951.060546875,1698.22998046875,4345.6298828125,444.4700012207031,8385.5,8081.14013671875
2011-08-26,2190.43994140625,5129.89990234375,9997.099609375,5537.47998046875,8628.849609375,715.03997802734375,3087.639892578125,276.6000061035156,8185.49169921875,5323.1201171875
2021-04-07,3956.77001953125,6885.2998046875,22160.599609375,15176.3603515625,32484.98046875,3445.070068359375,6130.66015625,710.08001708984375,8597.400390625,11128.1796875
2023-02-08,4209.14990234375,7885.2001953125,20303.80078125,15412.0498046875,29218.640625,3297.989990234375,7119.830078125,748.4000244140625,9227.2998046875,11276.2802734375
2023-10-03,4095.590087890625,7470.2001953125,17677.80078125,15085.2099609375,25296.859375,2963.820068359375,6997.0498046875,719.66998291015625,9165.5,10763.3701171875
2021-03-19,3837.02001953125,6708.7001953125,21420.30078125,14621,31622.55078125,3372.760009765625,5997.9599609375,681.70001220703125,8493,10967.3701171875
2013-07-10,2659.7099609375,6505,14531.2001953125,8066.47998046875,13938.98046875,971.6300048828124,3840.530029296875,362.0400085449219,7994.99169921875,7971.6201171875
2012-06-19,2198.010009765625,5586.2998046875,10870.900390625,6363.35986328125,10297.4599609375,740.030029296875,3117.919921875,301.80999755859375,6693.89306640625,6034.1298828125
2012-02-17,2520.31005859375,5905.10009765625,11312.2001953125,6848.02978515625,10441.4296875,778.3599853515625,3439.6201171875,327.92999267578125,8656.9912109375,6237.68994140625
2012-02-06,2507.889892578125,5892.2001953125,11237.7001953125,6764.830078125,10374.9599609375,769.6199951171875,3405.27001953125,325.05999755859375,8835.291015625,6147.02978515625
2024-12-02,4846.72998046875,8312.900390625,20769.099609375,19933.619140625,26302.939453125,3457.739990234375,7236.89013671875,887.6500244140625,11735.2998046875,11829.240234375
2021-12-30,4306.06982421875,7403,23539.599609375,15884.8603515625,35123.25,3920.169921875,7173.22998046875,800.25,8713.7998046875,12875.66015625
2020-10-01,3194.090087890625,5879.5,17383.5,12730.76953125,27348.26953125,3114.139892578125,4824.0400390625,550.53997802734375,6730.7001953125,10238.1201171875
2024-01-17,4403.080078125,7446.2998046875,18864.400390625,16431.689453125,25250.060546875,3224.6201171875,7318.68994140625,771.42999267578125,9867.7998046875,11148.5595703125
2020-03-24,2715.110107421875,5446,14172.7001953125,9700.5703125,20181.98046875,2491.409912109375,4242.7001953125,461.7300109863281,6717.2998046875,8733.3203125
2013-07-11,2681.320068359375,6543.39990234375,14641,8158.7998046875,14000.51953125,986.719970703125,3868.97998046875,364.0499877929687,8030.69189453125,7986.39990234375
2018-10-04,3375.080078125,7418.2998046875,20088.69921875,12244.1396484375,25629.099609375,2804.820068359375,5410.85009765625,544.1199951171875,9314.5,9097.51953125
2022-03-16,3889.68994140625,7291.7001953125,20905.5,14440.740234375,31368.05078125,3247.669921875,6588.64013671875,703.52001953125,8380.400390625,11900.9599609375
2012-05-16,2175.340087890625,5405.2998046875,10675.2998046875,6384.259765625,10331.4296875,759.57000732421875,3048.669921875,294.989990234375,6611.4931640625,5872.72998046875
2022-08-12,3776.81005859375,7500.89990234375,20339,13795.849609375,27907.48046875,3192.169921875,6553.85986328125,725.760009765625,8400.400390625,11128.240234375
2025-05-13,5416.2099609375,8602.900390625,20759.69921875,23638.560546875,29755.939453125,3819.469970703125,7873.830078125,927.4600219726564,13769.099609375,12165.26953125
2013-03-13,2704.72998046875,6481.5,13971.7001953125,7970.91015625,13400.3603515625,923.0399780273436,3836.0400390625,352.0199890136719,8498.291015625,7780.8798828125
2015-01-12,3084.179931640625,6501.39990234375,15943.7001953125,9781.900390625,17244.900390625,1416.9000244140625,4228.240234375,418.4100036621094,9797.490234375,9152.9697265625
2014-11-26,3226.080078125,6729.2001953125,15788.400390625,9915.5595703125,17032.9296875,1342.0899658203125,4373.419921875,423.9700012207031,10646.9892578125,9058.9404296875
2018-04-03,3346.929931640625,7030.5,19398,12002.4501953125,25337.990234375,2467.02001953125,5152.1201171875,528.47998046875,9549.599609375,8630.9296875
2017-11-17,3547.4599609375,7380.7001953125,19797.80078125,12993.73046875,26440.919921875,2512.3701171875,5319.169921875,536.6199951171875,10010.400390625,9183.6103515625
2022-04-25,3757.590087890625,7380.5,20599.19921875,13924.169921875,30241.2109375,3146.530029296875,6449.3798828125,699.16998291015625,8574.599609375,12084.98046875
2017-03-13,3415.489990234375,7367.10009765625,19029.19921875,11990.0302734375,23420.75,1974.2099609375,4999.60009765625,511.8999938964844,9995.900390625,8683.0498046875
2022-02-07,4120.56005859375,7573.5,21797.30078125,15206.6396484375,33125.37109375,3413.77001953125,7009.25,755.69000244140625,8558.400390625,12193.8095703125
2022-11-14,3887.510009765625,7385.2001953125,19622.30078125,14313.2998046875,26304.830078125,3119.6201171875,6609.169921875,706.66998291015625,8166.5,10999.58984375
2022-01-18,4257.81982421875,7563.60009765625,22652.69921875,15772.5595703125,34155.359375,3501.6298828125,7133.830078125,769.70001220703125,8781.599609375,12529.5595703125
2023-04-05,4298.35986328125,7662.89990234375,18601.400390625,15520.169921875,26970.8203125,3298.610107421875,7316.2998046875,755.760009765625,9254.599609375,11115.400390625
2016-11-21,3032.969970703125,6778,17527.599609375,10685.1298828125,20598.51953125,1737.9000244140625,4529.580078125,453.0299987792969,8614.599609375,7849.85986328125
2015-06-09,3456.7900390625,6753.7998046875,17839.80078125,11001.2900390625,19749.119140625,1628.81005859375,4850.22021484375,474.7000122070313,10938.0888671875,8980.2197265625
2022-01-21,4229.56005859375,7494.10009765625,22263.19921875,15603.8798828125,33642.359375,3504.31005859375,7068.58984375,763.70001220703125,8694.7001953125,12355.5400390625
2020-01-07,3759.25,7573.89990234375,21832.69921875,13226.830078125,28287.080078125,3036.830078125,6012.35009765625,609.71002197265625,9579.7998046875,10686.7998046875
2020-04-23,2852.4599609375,5826.60009765625,15794,10513.7900390625,22506.810546875,2949.969970703125,4451,512.72998046875,6746.5,9625.48046875
2017-11-28,3583.489990234375,7460.7001953125,20026.19921875,13059.5302734375,26789.130859375,2562.330078125,5390.47998046875,543.59002685546875,10144.400390625,9320.4404296875
2021-09-22,4150.18994140625,7083.39990234375,23784.5,15506.740234375,35206.4296875,3896.159912109375,6637,792.4000244140625,8808.400390625,11837.5703125
2024-12-13,4967.9501953125,8300.2998046875,20889.19921875,20405.919921875,26527.689453125,3521.260009765625,7409.56982421875,893.54998779296875,11752.099609375,11694.4296875
2016-10-06,3021.580078125,7000,18115.900390625,10568.7998046875,21559.080078125,1808.52001953125,4480.10009765625,454.8200073242187,8757.400390625,8170.43994140625
2011-06-27,2723.929931640625,5722.2998046875,11549.099609375,7107.89990234375,10456.8798828125,856.22998046875,3796.550048828125,328.510009765625,9872.1904296875,5990.81982421875
2013-08-23,2826.050048828125,6492.10009765625,14953.099609375,8416.990234375,14839.2001953125,1041.199951171875,4069.469970703125,374.6700134277344,8686.791015625,8006.89990234375
2015-06-05,3510.010009765625,6804.60009765625,17931.30078125,11197.150390625,20005.51953125,1668.300048828125,4920.740234375,479.3800048828125,11061.9892578125,9105.01953125
2016-01-27,3043.469970703125,5990.39990234375,16281,9880.8203125,19318.640625,1695.449951171875,4380.35986328125,424.4100036621094,8740.9912109375,8322.6796875
2024-09-05,4815.14990234375,8241.7001953125,20762.5,18576.5,25357.970703125,3269.159912109375,7431.9599609375,891.8599853515625,11273.5,12031.33984375
2021-08-23,4176.419921875,7109,23740.5,15852.7900390625,35947.5703125,3914,6683.10009765625,780.280029296875,8968.099609375,12476.8701171875
2017-12-11,3582.2099609375,7453.5,20064.599609375,13123.650390625,26114.400390625,2508.56005859375,5386.830078125,548.40997314453125,10306.900390625,9314.759765625
2025-06-20,5233.580078125,8774.7001953125,21148.5,23350.55078125,29365.169921875,3751.169921875,7589.66015625,908.52001953125,13850.2998046875,11871.3203125
2024-01-24,4564.10986328125,7527.7001953125,19171.69921875,16889.919921875,26141.2890625,3339.159912109375,7455.64013671875,806.92999267578125,9974,11196.8203125
2023-03-31,4315.0498046875,7631.7001953125,18928.30078125,15628.83984375,27662.939453125,3325.260009765625,7322.39013671875,756.17999267578125,9232.5,11106.240234375
2014-07-29,3190.5400390625,6807.7998046875,15687,9653.6298828125,16218.23046875,1252.969970703125,4365.580078125,407.30999755859375,10901.189453125,8532.1103515625
2022-03-02,3820.590087890625,7429.60009765625,20775.80078125,14000.1103515625,31100.359375,3207.06005859375,6498.02001953125,721,8321,11871.58984375
2014-02-05,2962.510009765625,6457.89990234375,15561.400390625,9116.3203125,16066.91015625,1199.1600341796875,4117.7900390625,382.6499938964844,9774.990234375,8112.9599609375
2019-01-04,3041.85009765625,6837.39990234375,17795.900390625,10767.6904296875,22038.060546875,2469.780029296875,4737.1201171875,492.010009765625,8737.7998046875,8608.5595703125
2015-01-21,3269.72998046875,6728,16253.2998046875,10299.23046875,18021.98046875,1451.7900390625,4484.81982421875,441.0899963378906,10335.2890625,8008.5498046875
2021-03-05,3669.5400390625,6630.5,20961.30078125,13920.6904296875,30716.509765625,3220.260009765625,5782.64990234375,653.8699951171875,8286.7998046875,10607.7900390625
2023-12-07,4473.77001953125,7513.7001953125,18618.69921875,16628.990234375,26534.939453125,3220.090087890625,7428.52001953125,776.34002685546875,10146,10968.099609375
2022-09-16,3500.409912109375,7236.7001953125,18797.099609375,12741.259765625,23944.009765625,2817.52001953125,6077.2998046875,664.83001708984375,7984.7001953125,10610.650390625
2022-10-03,3342.169921875,6908.7998046875,17284.900390625,12209.48046875,22670.640625,2716.4599609375,5794.14990234375,645.79998779296875,7462,10290.7099609375
2013-11-25,3072.75,6694.60009765625,15299.900390625,9299.9501953125,16229.58984375,1145.199951171875,4301.97021484375,397.4599914550781,9689.08984375,8304.0498046875
2017-01-30,3262.719970703125,7118.5,18081.80078125,11681.8896484375,22595.419921875,1845.5799560546875,4784.64013671875,479.5299987792969,9361.2998046875,8320.830078125
2016-01-18,2935.389892578125,5779.89990234375,15958.7998046875,9521.849609375,18662.689453125,1591.27001953125,4189.56982421875,401.989990234375,8469.291015625,8099.080078125
