date,Bovespa,IBrX100,Merval,IPSA,IGPA,IGBC,IPC_Mexico
2015-10-23,47597,40.220001220703125,11329,3896.030029296875,19064.240234375,9455.6904296875,45010.23828125
2016-02-12,39808,32.97999954223633,11276,3667.469970703125,18031.599609375,8799.16015625,42416.44140625
2014-05-12,54053,44.45000076293945,6843,3920.169921875,19215.939453125,13692.2001953125,42086.171875
2016-05-24,49345,40.36000061035156,12382,3955.469970703125,19511.869140625,9780.419921875,45497.4609375
2014-06-13,54807,44.599998474121094,8047,3863.1298828125,18886.369140625,14260.26953125,42485.66015625
2018-06-01,77240,62.650001525878906,28437,5471.31982421875,27705.23046875,12435.1103515625,45013.12109375
2018-11-27,87891,71.55000305175781,30921,5128.14013671875,26026.609375,12000.490234375,39807.28125
2017-02-13,66968,54.130001068115234,19508,4358.43017578125,21737.169921875,10077.669921875,47661.69140625
2016-10-20,63838,51.900001525878906,18147,4235.27978515625,21159.1796875,10076.75,48274.25
2017-04-27,64677,52.7400016784668,20890,4783.080078125,24038.810546875,10109.0498046875,49440.9609375
2018-10-04,82953,66.68000030517578,30929,5326.1298828125,27088.919921875,12527.4296875,48683.26171875
2019-04-25,96552,78.69999694824219,29557,5170.419921875,26240.1796875,12978,45026.6796875
2018-06-27,70609,56.95000076293945,25921,5276.43994140625,26796.470703125,12250.5,46874.4296875
2015-06-05,52973,43.43000030517578,11216,3967.030029296875,19328.080078125,10307.0400390625,44561.94140625
2018-10-16,85718,68.58000183105469,29431,5144.33984375,26253.630859375,12445.8603515625,48191.5703125
2017-12-11,72800,59.36000061035156,27307,5018.669921875,25211.150390625,11068.7802734375,47699.0390625
2013-05-02,55322,42.529998779296875,3843,4309.39990234375,21161.869140625,13414.91015625,42090.01171875
2016-05-13,51804,42.54999923706055,13122,4002.719970703125,19662.2890625,9993.8095703125,45402.46875
2014-07-18,57013,46.20000076293945,8662,3945.35009765625,19209.919921875,13943.6396484375,44278.8984375
2018-05-18,83082,66.8499984741211,31870,5667.85986328125,28679.66015625,12127.2197265625,45666.76953125
2016-09-30,58367,47.75,16676,4015.25,20046.48046875,9847.2099609375,47245.80078125
2016-07-22,57002,46.7400016784668,15847,4143.81005859375,20450.849609375,9873.0302734375,47537.28125
2015-08-13,48010,39.599998474121094,11675,3813.340087890625,18573.779296875,9750.0302734375,43870.53125
2017-12-18,73115,59.59000015258789,27137,5595.64990234375,28060.9296875,11099.5703125,48634.5390625
2016-06-29,51002,41.400001525878906,14608,3978.489990234375,19647.189453125,9757.9599609375,45466.37109375
2016-03-28,50838,41.70000076293945,12876,3884.419921875,19047.98046875,9639.6201171875,45623.48046875
2018-04-06,84820,68.37999725341797,31739,5583.14990234375,27973.859375,11879.330078125,47926.109375
2018-05-30,76754,62,28389,5484.89990234375,27786.609375,12302.8203125,44715.87890625
2018-12-13,87838,71.75,31020,5160,26158.0390625,11613.4296875,41512.51171875
2018-05-04,83118,67.61000061035156,28553,5622.240234375,28344.669921875,12301.099609375,46992.171875
2018-07-03,73668,59.70000076293945,27092,5255.1298828125,26646.9609375,12360.8701171875,47053.890625
2015-03-18,51526,42.09000015258789,11275,3865.39990234375,18862.4609375,9976.8701171875,44360.87109375
2014-04-04,51082,41.65999984741211,6387,3766.409912109375,18527.119140625,14036.6201171875,40598.33984375
2014-07-30,56878,46.06999969482422,8938,3906.3701171875,19069.720703125,14042.8203125,44311.05859375
2016-09-08,60232,49.400001525878906,16458,4106.14013671875,20405.939453125,10458.5400390625,47416.96875
2013-08-20,50507,40.040000915527344,3851,3687.18994140625,18270.939453125,13719.73046875,41825.3984375
2016-09-22,58994,48.43000030517578,16643,4100.169921875,20391.69921875,9995.1396484375,47975.05078125
2014-02-11,48463,39.2400016784668,5636,3548.8798828125,17621.08984375,12233.6396484375,40759.62109375
2017-05-17,67540,55.04999923706055,21674,4853.490234375,24357.55078125,10721.8896484375,48747.94921875
2018-01-12,79349,64.160003662109375,32720,5733.35009765625,28829.849609375,11623.7998046875,49135.91015625
2014-03-12,45862,37.63999938964844,5713,3623.2900390625,17951.7109375,12883.6298828125,38634.828125
2015-02-24,51874,41.810001373291016,9644,3987.489990234375,19400.970703125,10449.4697265625,43921.55078125
2015-01-21,49224,40.06999969482422,8674,3806.0400390625,18683.25,10535.2998046875,42488.73046875
2013-06-13,50415,40.02000045776367,3244,3981.47998046875,19790.529296875,13073.23046875,39481.46875
2015-12-04,45361,37.29999923706055,13071,3612.820068359375,17843.69921875,8051.3798828125,42994.23046875
2013-09-27,53739,42.84000015258789,4730,3872.909912109375,19028.2890625,14116.16015625,40903.6484375
2015-04-01,52322,42.63999938964844,11072,3939.169921875,19183.7109375,10175.16015625,44202.94140625
2016-05-31,48472,40,12682,3934.7099609375,19416.890625,9594.6298828125,45459.44921875
2017-08-14,68285,55.95000076293945,22540,5063.72998046875,25275.4296875,10806.1796875,51167.46875
2017-06-30,62900,51.68000030517578,21913,4747.240234375,23787.439453125,10891.25,49857.48828125
2016-01-26,37497,31.18000030517578,10493,3540.780029296875,17526.41015625,8369,41932.390625
2016-10-11,61022,49.70000076293945,17159,4103.5498046875,20563.380859375,10031.900390625,48014.3984375
2019-01-11,93658,76.4000015258789,33885,5352.8798828125,27047.94921875,11621.4404296875,43556.109375
2017-07-11,63832,52.33000183105469,22127,4894.91015625,24459.55078125,10993.83984375,50510.23046875
2015-08-14,47508,39.36000061035156,11453,3799.300048828125,18513.94921875,9707.2099609375,43746.71875
2013-05-24,56406,43.290000915527344,3510,4197.2900390625,20674.669921875,13466,40521.26953125
2016-05-10,53071,42.7599983215332,13457,4004.889892578125,19699.4609375,9859.759765625,45676.41015625
2013-04-09,55912,42.400001525878906,3475,4348.0400390625,21328.359375,13702.5595703125,43973.1796875
2013-08-13,50601,40.61000061035156,3764,3775.219970703125,18640.029296875,13827.2900390625,42366.44921875
2017-07-14,65436,53.65999984741211,21880,5000.39990234375,24955.16015625,11069.419921875,51162.23046875
2015-10-14,46710,38.5,10873,3793.72998046875,18603.580078125,9634.9404296875,44064.4296875
2018-05-11,85220,69.06999969482422,29852,5702.85009765625,28796.25,12362.099609375,46728.921875
2018-09-27,80000,64.43000030517578,33651,5323.6201171875,27028.48046875,12386.91015625,49646.91015625
2016-06-15,48915,39.91999816894531,13116,3958.1201171875,19583.83984375,9722.83984375,45011.21875
2018-08-17,76029,61.849998474121094,26239,5242.77001953125,26502.4609375,12074.7099609375,48264.62890625
2015-02-13,50636,41.16999816894531,9562,3983.27001953125,19358.509765625,10687.509765625,43072.421875
2017-02-22,68590,55.4900016784668,19915,4375.7001953125,21870.55078125,9929.400390625,47195.6796875
2013-12-30,51507,42.02000045776367,5391,3699.18994140625,18227.05078125,13071.26953125,42958.8203125
2016-03-09,48665,40.0099983215332,13269,3812.64990234375,18669.609375,9598.5498046875,44492.5
2013-08-09,49875,40.290000915527344,3615,3779.02001953125,18639.66015625,13704.2197265625,42648.73828125
2018-10-09,86088,69.3499984741211,29613,5307.93017578125,26979.259765625,12507.1396484375,48505.21875
2014-04-03,51408,41.849998474121094,6498,3793.639892578125,18628.119140625,14076.099609375,40563.05859375
2019-01-31,97394,79.69999694824219,36327,5405.60986328125,27317.470703125,11828.3203125,43987.94140625
2014-09-05,60681,49.119998931884766,10415,4071.260009765625,19723.560546875,14561.08984375,46231.44140625
2016-11-04,61598,50.099998474121094,16755,4213.169921875,21073.75,9997.76953125,46694.80859375
2015-05-04,57354,46.4900016784668,12347,4062.800048828125,19711.2890625,10781.490234375,45238.46875
2017-05-23,62662,51.22999954223633,21521,4833.97998046875,24270.25,10756.400390625,49042.51953125
2014-01-15,50105,40.540000915527344,5687,3650.070068359375,18041.880859375,12600.650390625,42511.25
2014-07-21,57634,46.2599983215332,8424,3936.830078125,19178.3203125,13897.599609375,44125.73046875
2017-03-17,64210,52.40999984741211,19434,4652.39990234375,23329.759765625,9915.1103515625,48593.44140625
2017-10-20,76391,62.52000045776367,26979,5523.97021484375,27671.880859375,10904.16015625,49988.7109375
2018-05-17,83622,67.5,31806,5689.4501953125,28762.69921875,12189.099609375,45787.8984375
2018-02-16,84525,68.3499984741211,32677,5621.669921875,28293.23046875,11726.419921875,48882.78125
2014-09-23,56541,45.459999084472656,12058,3962.280029296875,19294.259765625,13844.6201171875,45015.171875
2017-12-21,75133,60.9900016784668,28481,5450.830078125,27454.470703125,11216.9599609375,48503.30859375
2019-02-13,95842,78.25,37039,5386.60986328125,27262.150390625,11962.2197265625,42284.05859375
2016-11-23,61986,50.06999969482422,17367,4221.89013671875,21067.3203125,9717.8701171875,45184.078125
2016-03-04,49085,40.16999816894531,13269,3838.389892578125,18796.55078125,9590.5302734375,44849.01953125
2014-03-10,45533,37.33000183105469,5790,3652.510009765625,18074.140625,12799.25,38671.01171875
2017-02-14,66713,54.349998474121094,19606,4343,21673.4609375,9882.6103515625,47391.23828125
2017-08-02,67136,55.06999969482422,21799,5097.14990234375,25449.150390625,10960.9697265625,51200.12890625
2014-03-26,47966,39.349998474121094,6135,3697.139892578125,18284.390625,13435.650390625,39761.30078125
2014-03-18,46150,37.90999984741211,5884,3673.6201171875,18149.51953125,13026.580078125,38814.69140625
2015-11-24,48284,39.40999984741211,13394,3774.800048828125,18545.76953125,8483.75,44576.23046875
2018-11-07,87714,71.19999694824219,31405,5221.330078125,26504.5703125,12530.6904296875,46917.3984375
2015-04-23,55685,44.16999816894531,12205,4055.43994140625,19654.8203125,10458.9501953125,45418.828125
2017-09-08,73079,59.790000915527344,24018,5091.81005859375,25475.580078125,11210.1103515625,50083.80078125
2018-08-22,76902,62.400001525878906,26844,5274.31005859375,26638.509765625,12161.900390625,49880.33984375
2013-06-11,49770,39.959999084472656,3343,3962.949951171875,19741.029296875,13252.8896484375,39890.23828125
2017-11-07,72415,59.349998474121094,28120,5490.81982421875,27600.91015625,10740.900390625,49004.51953125
2018-08-23,75634,61.400001525878906,26523,5268.9501953125,26595.26953125,12157.830078125,49749.55859375
2014-02-05,46624,38,5924,3408.889892578125,17025.220703125,12025.2001953125,39880.87109375
2016-01-22,38031,31.579999923706055,10330,3531.56005859375,17491.099609375,8426.08984375,41621.30859375
2016-09-23,58697,47.900001525878906,16442,4094,20370.060546875,9937.7001953125,47778.48046875
2018-12-17,86400,70.19999694824219,29888,5105.14990234375,25940.66015625,11396,40340.51171875
2014-06-16,54630,44.380001068115234,7235,3841.280029296875,18795.880859375,14399.1904296875,42596.25
2017-03-09,64585,52.41999816894531,18786,4467.97998046875,22450.51953125,9880.2001953125,47263.921875
2016-04-13,53150,43.34000015258789,13298,3957.239990234375,19394.810546875,10117.83984375,45411.30078125
2018-12-18,86610,70.94999694824219,29777,5116.830078125,25986.8203125,11361.0400390625,40917.5703125
2015-05-29,52760,43.130001068115234,10801,4045.6201171875,19662.19921875,10205.169921875,44703.62109375
2016-02-02,38596,32.709999084472656,11075,3632.89990234375,17894.80078125,8495.48046875,43092.48828125
2018-06-13,72122,58.7400016784668,30228,5534.27001953125,27943.0390625,12301.26953125,46760.578125
2018-02-06,83894,67.73999786376953,31624,5697.27978515625,28720.16015625,11760.91015625,49304.94140625
2019-06-10,97467,80.19999694824219,36453,5018.990234375,25531.970703125,12132.5,43609.171875
2018-02-14,83543,67.80999755859375,31551,5560.3798828125,28025.029296875,11732.33984375,48400.75
2016-06-10,49422,40.310001373291016,13324,3954.489990234375,19572.98046875,9851.830078125,45177.5
2014-05-08,53422,43.41999816894531,6815,3910.929931640625,19182.7109375,13571.400390625,41659.91015625
2016-07-21,56641,46.41999816894531,15779,4121.3701171875,20342.66015625,9846.1904296875,47364.80859375
2017-11-16,72512,59.34000015258789,27267,5314.52978515625,26788.5390625,10750.669921875,47747.69140625
2013-09-09,54252,42.349998474121094,4368,3893.530029296875,19094.859375,13892.48046875,40953.8515625
2016-12-20,57583,46.68000030517578,16064,4193.18017578125,20968.7890625,10060.58984375,44930.26953125
2016-10-07,61109,49.84000015258789,17136,4075.679931640625,20317.349609375,9964.3701171875,47596.6015625
2017-04-24,64389,52.5099983215332,21170,4849.14990234375,24347.7109375,10137.1298828125,49413.26171875
2019-01-09,93613,75.94999694824219,33769,5264.509765625,26631.560546875,11589.33984375,43648.0703125
2018-12-07,88115,71.660003662109375,31550,5094.6201171875,25878.970703125,11853.5302734375,41870.12890625
2015-12-03,46393,38.470001220703125,12920,3605.110107421875,17807.009765625,8133.56005859375,43027.30078125
2017-04-28,65403,53.349998474121094,21020,4795.1298828125,24088.630859375,10198.3896484375,49261.328125
2017-07-25,65668,53.880001068115234,21243,5033.41015625,25142.009765625,10940.7099609375,51713.37890625
2017-05-03,66094,54.06999969482422,21212,4854.8798828125,24349.259765625,10202.490234375,49099.98046875
2015-12-01,45047,37.040000915527344,12826,3633.580078125,17933.08984375,8359.9599609375,43984.8984375
2017-02-23,67461,54.77000045776367,19538,4359.1298828125,21797.220703125,10015.9404296875,47206.359375
2014-10-15,56135,44.77000045776367,9653,3791.280029296875,18655.009765625,12821.08984375,42984.94921875
2017-10-03,76763,62.36000061035156,26673,5420.14013671875,27086.9609375,11123.9296875,50615.2890625
2015-12-02,44915,36.97999954223633,12706,3605.10009765625,17808.58984375,8221.26953125,43417.05078125
2015-09-24,45292,37.470001220703125,9288,3727.389892578125,18266.26953125,9303.5,42596.55859375
2019-04-01,96054,78.29000091552734,33007,5256.669921875,26649.83984375,13037.5703125,43672.05859375
2019-01-10,93806,76.44999694824219,34168,5297.9501953125,26795.76953125,11628.48046875,43668.94921875
2015-08-26,46038,38.08000183105469,10290,3677.39990234375,18013.7890625,8892.5595703125,42323.0390625
2016-06-30,51527,42.18000030517578,14684,3995.909912109375,19725.529296875,9762.5703125,45966.48828125
2013-06-12,49181,39.41999816894531,3237,3924.429931640625,19576.849609375,13090.6396484375,39480.3515625
2018-05-29,76072,61.619998931884766,28326,5494.509765625,27830.220703125,12205.7197265625,44647.37109375
2016-05-18,50562,41.15999984741211,12830,3966.449951171875,19510.5703125,9866.8203125,45551.19921875
2016-02-29,42794,35.29999923706055,13116,3715.840087890625,18259.19921875,9189.259765625,43714.9296875
2014-06-26,53506,43.560001373291016,7821,3886.909912109375,18954,14180.990234375,42613.80078125
2018-08-09,78768,64,26906,5294.22021484375,26790.140625,12080.330078125,49244.3984375
2014-01-13,49427,40.439998626708984,5571,3618.800048828125,17907.76953125,12552.9501953125,42158.62109375
2014-11-26,55098,44.689998626708984,10125,3962.080078125,19326.619140625,12510.5,44672.19921875
2017-08-16,68594,56.31999969482422,22888,5110.669921875,25501.51953125,10855.5498046875,51156.671875
2018-04-04,84360,68.279998779296875,31319,5542.7900390625,27759.849609375,11712.599609375,47457.4609375
2014-05-27,52172,42.41999816894531,7572,3930.02001953125,19222.73046875,13636.7099609375,41958.96875
2016-08-25,57722,47.20000076293945,15901,4153.02001953125,20576.359375,10090.740234375,47734.19921875
2014-10-20,54303,44.150001525878906,11093,3757.110107421875,18526.689453125,13214.83984375,43213.8984375
2016-01-29,40406,33.58000183105469,11306,3705.919921875,18243.4609375,8596.0498046875,43630.76953125
2014-03-11,45698,37.72999954223633,5754,3659.300048828125,18104.76953125,12922.66015625,38689.5703125
2017-11-24,74157,60.5099983215332,27465,5040.509765625,25366.80078125,10852.6396484375,47941.87890625
2013-07-15,46739,38.29999923706055,3349,3806.919921875,18874.69921875,13048.2197265625,40322.3203125
2018-04-26,86383,69.94000244140625,29488,5679.64990234375,28533.189453125,12270.8203125,48297.7109375
2016-06-16,49412,40.220001220703125,13073,3963.300048828125,19603.55078125,9743.25,45225.3984375
2014-09-03,61837,49.849998474121094,10438,4094.64990234375,19813.98046875,14675.2197265625,46049.328125
2015-02-11,48240,39.290000915527344,9119,3920.449951171875,19092.150390625,10555.0498046875,41933.26171875
2014-05-23,52626,42.90999984741211,7447,3960.06005859375,19336.890625,13650.83984375,41917.921875
2017-07-31,65920,54.04999923706055,21582,5064.6201171875,25312.8203125,10956.240234375,51011.87109375
2015-10-20,47077,39.11000061035156,11069,3822.330078125,18730.759765625,9472.51953125,44653.859375
2016-12-07,61414,49.66999816894531,17197,4224.669921875,21075.859375,9798,45609.8984375
2019-02-15,97526,79.5999984741211,37470,5399.830078125,27299.01953125,12098.7197265625,42988.71875
2019-04-26,96236,78.69999694824219,30001,5191.7001953125,26334.4296875,12921.83984375,44974.96875
2018-08-31,76678,62.29999923706055,29294,5270.43017578125,26589.849609375,12254.8798828125,49547.6796875
2014-07-07,53802,43.709999084472656,8152,3882.169921875,18905.029296875,14056.75,43452.55078125
2018-02-09,80899,65.4800033569336,30143,5549.14990234375,28011.2109375,11567.580078125,47799.08984375
2017-08-23,70478,57.66999816894531,23262,5127.93017578125,25613.970703125,10974.98046875,51280.171875
2019-02-14,98015,79.12999725341797,37386,5376.39013671875,27213.19921875,12002.1396484375,42725.21875
2016-08-09,57689,47.27000045776367,15455,4148.259765625,20494.150390625,9752.1396484375,47630.37109375
2017-09-15,75757,61.97999954223633,23716,5202.0498046875,25973.23046875,11159.2001953125,49921.83984375
2015-09-10,46504,38.130001068115234,11070,3763.590087890625,18393.3203125,9609.3896484375,42888.51171875
2019-02-20,96545,78.8499984741211,36504,5410.5,27337.33984375,12008.2001953125,43178
2017-05-24,63257,52,21685,4871.33984375,24440.830078125,10757.919921875,49494.3984375
2015-06-02,54236,44.20000076293945,11485,3986.110107421875,19410.060546875,10240,44931.48046875
2018-12-28,87887,71.6500015258789,30293,5105.43017578125,25949.83984375,11144.080078125,41459.1484375
2016-02-22,43235,35.83000183105469,12526,3754.409912109375,18407.7109375,9056.3798828125,43546.71875
2016-04-27,54478,44.029998779296875,13742,3979.580078125,19557.900390625,10086.7099609375,45941.51953125
2018-04-27,86445,69.95999908447266,30006,5690.47998046875,28582.25,12421.5703125,48284.609375
2013-07-22,48574,38.970001220703125,3451,3859.919921875,19141.029296875,13333.48046875,40117.671875
2016-01-27,38376,31.31999969482422,10787,3546.199951171875,17547.630859375,8430.7099609375,42109.890625
2016-11-18,59962,48.72999954223633,16385,4185.77978515625,20935.630859375,9694.7900390625,44364.171875
2015-06-25,53176,43.45000076293945,11453,3860.330078125,18836.75,10204.2998046875,45377.12109375
2015-01-27,48591,39.650001525878906,9015,3852.7099609375,18848.109375,10832.4501953125,42627.8203125
2014-12-09,50193,40.470001220703125,8889,3911.27001953125,19136.7109375,11423.509765625,42339.62890625
2019-01-15,94056,76.75,33563,5373.919921875,27134.509765625,11663.0400390625,43603.62109375
2017-01-12,63954,51.970001220703125,18591,4234.9501953125,21103.91015625,10243.1396484375,46060.98046875
2015-06-03,53523,43.720001220703125,11200,3994.4599609375,19449.369140625,10262.7099609375,44732.71875
2014-01-22,49300,39.689998626708984,5897,3700.080078125,18248.41015625,12566.0595703125,42062.8203125
2014-07-31,55829,45.18000030517578,8188,3875.43994140625,18945.8203125,13968.0595703125,43817.69140625
2016-11-22,61954,50.11000061035156,17307,4216.6201171875,21032.330078125,9697.4501953125,44838.76171875
2018-02-22,86686,70,33125,5726.08984375,28711.5703125,11869.75,48969.640625
2017-04-06,64223,52.060001373291016,20813,4897.64013671875,24503.810546875,10185.0595703125,49012.421875
2015-05-14,56657,46.11000061035156,12345,4076.72998046875,19786.810546875,10597.5,45271.4609375
2017-09-22,75390,61.5,24995,5289.919921875,26406.83984375,11109.41015625,50313.51171875
2019-05-20,91946,75.55000305175781,33493,4914.47998046875,25125.240234375,12102.6904296875,43519.21875
2016-06-21,50838,40.95000076293945,13681,3989.2099609375,19713.25,9886.6298828125,45705.421875
2019-05-17,89993,73.9000015258789,33316,4925.580078125,25186.3203125,12237.240234375,43445.62109375
2017-07-18,65338,53.59000015258789,21075,5039.72021484375,25151.919921875,10984.2001953125,51099.7109375
2019-01-03,91564,74.029998779296875,31065,5129.14990234375,26033.810546875,11342.9296875,42044.3203125
2016-07-18,56484,46.04999923706055,15999,4112.27978515625,20284.189453125,9948.7099609375,46961.25
2017-05-19,62639,51.130001068115234,21615,4793.7099609375,24084.75,10706.919921875,49067.46875
2015-09-09,46657,39.029998779296875,11159,3734.4599609375,18265.630859375,9461.1103515625,42754.6796875
2016-04-11,50165,40.93000030517578,12185,3923.3798828125,19239.140625,9873.3203125,44760.53125
2014-08-08,55573,45.130001068115234,8228,3894.4599609375,19009.779296875,14171.0400390625,44105.94921875
2019-02-11,94413,77.19999694824219,37024,5375.06982421875,27220.990234375,11877.01953125,43285.171875
2018-01-18,80963,65.5999984741211,34049,5839.3701171875,29318.26953125,11880.740234375,49911.96875
2017-01-31,64671,52.459999084472656,19063,4199.5,20988.58984375,10165.33984375,47001.05859375
2015-11-04,47710,39.959999084472656,12799,3865.679931640625,18973.279296875,9207.8603515625,45373.171875
2018-07-23,77996,63.349998474121094,27704,5407.58984375,27238.609375,12257.33984375,48850.9296875
2017-02-03,64954,52.66999816894531,19201,4261.97998046875,21266.720703125,10201.4501953125,47225.1015625
2014-03-31,50415,41.119998931884766,6374,3772.760009765625,18552.5703125,13827.009765625,40461.6015625
2014-09-10,58199,46.900001525878906,10767,4067.050048828125,19708.76953125,14350.3701171875,45894.05078125
2017-02-24,66662,54.150001525878906,19118,4343.669921875,21725.80078125,9939.7099609375,47047.671875
2016-09-01,58236,47.65999984741211,15741,4120.7998046875,20449.08984375,10154.009765625,47563.33984375
2019-03-06,94217,77.05000305175781,32340,5256.06982421875,26615.310546875,12467.150390625,41908.1484375
2019-01-28,95444,78,34841,5445.91015625,27447.240234375,11750.98046875,43626.1484375
2014-08-14,55780,45.2599983215332,8374,3955.3798828125,19242.7890625,14176.7998046875,44793.01953125
2015-09-08,46762,38.70000076293945,11177,3755.1201171875,18356.8203125,9582.26953125,43083.94140625
2013-12-18,50563,41.220001220703125,5411,3664.820068359375,18066.810546875,12979.4501953125,42079.87109375
2018-08-08,79152,64.19999694824219,26675,5318.60986328125,26897.4609375,12188.3798828125,49894.55859375
2017-01-17,64354,52.150001525878906,18876,4231.330078125,21088.830078125,10172.740234375,46002.55859375
2013-07-17,47407,39.06999969482422,3476,3864.429931640625,19141.599609375,13304.83984375,40240.19140625
2019-04-24,95045,77.6500015258789,29747,5201.43994140625,26364.44921875,12982.76953125,45045.328125
2018-10-29,83797,68,28898,5063.6298828125,25794.619140625,12422.8603515625,43879.12890625
2016-07-27,56853,46.650001525878906,15699,4146.669921875,20483.76953125,9769.9404296875,46812.0703125
2017-02-01,64836,52.720001220703125,19201,4204.2001953125,21007.640625,10142.75,47009.51171875
2017-03-13,65534,53.279998779296875,19188,4542.39990234375,22803.259765625,9976.91015625,47101.140625
2019-06-14,98040,80.75,40488,5058.8798828125,25706.91015625,12316.5703125,43130.6484375
2014-01-30,47244,38.54999923706055,5858,3391.31005859375,16938.4296875,11959.2001953125,41008.30078125
2017-05-02,66722,54.400001525878906,21158,4878.1201171875,24466.310546875,10210.6298828125,49588.83984375
2018-02-07,82767,67.44999694824219,31627,5750.60986328125,28953.98046875,11726.240234375,48976.44921875
2017-03-22,63521,51.540000915527344,19667,4689.77978515625,23486.4296875,10052.150390625,48487.30078125
2018-06-18,69815,56.95000076293945,27657,5447.39013671875,27538.669921875,12301.169921875,46660.87109375
2016-01-07,40695,33.849998474121094,11390,3557.77001953125,17624.76953125,8159.16015625,40661.5703125
2017-11-03,73915,60.2599983215332,27978,5485.89013671875,27580.51953125,10574.240234375,48534.83984375
2013-11-08,52249,43.2400016784668,5294,3837.6201171875,18928.25,13478.8798828125,39864.16015625
2018-04-13,84334,68.18000030517578,31593,5630.89990234375,28166.5,12081.169921875,48768.30078125
2018-09-04,74712,60.70000076293945,27625,5173.02978515625,26184.26953125,12216.76953125,48884.171875
2018-04-20,85550,69.279998779296875,31162,5689.47021484375,28575.109375,12367.8203125,48431.578125
2018-07-26,79405,64.4000015258789,29205,5442.68017578125,27397.5390625,12175.9697265625,49438.23828125
2014-07-17,55638,44.95000076293945,8342,3946.669921875,19208.830078125,13902.7001953125,43920.76171875
2015-06-09,52816,43.47999954223633,11382,3906.6201171875,19063.75,10275.5595703125,44519.2109375
2015-09-30,45059,37.29999923706055,9815,3685.179931640625,18056.2109375,9282.6796875,42632.5390625
2017-06-12,61700,50.59000015258789,21145,4850.419921875,24298.900390625,10731.58984375,49128.76171875
2014-11-04,54384,43.779998779296875,11024,3901.14990234375,19056.7890625,13141,44884.4296875
2018-11-09,85641,69.55000305175781,29913,5180.35009765625,26301.23046875,12355.3603515625,44263.73828125
2015-09-02,46464,38.380001068115234,10800,3799.429931640625,18536.76953125,9420.9296875,42969.9296875
2019-04-16,94333,77.25,32290,5261,26655.400390625,12956.0400390625,45009.359375
2013-04-29,54887,42.150001525878906,3815,4257.9501953125,20942.419921875,13457.4404296875,41910.53125
2016-02-18,41478,34.31999969482422,11991,3768.239990234375,18459.609375,9043.8095703125,43516.66015625
2014-01-23,48321,40.029998779296875,5772,3673.22998046875,18131.48046875,12398.23046875,41531.80078125
2019-02-01,97861,79.69999694824219,36600,5452.97021484375,27508.4609375,11935.080078125,43738.26953125
2017-04-17,64335,52.099998474121094,20748,4860.47998046875,24376.560546875,10191.8896484375,49011.55859375
2019-04-17,93285,76.4000015258789,32037,5275.43017578125,26726.509765625,12801.900390625,45525.2890625
2015-08-20,46649,38.15999984741211,10863,3765.280029296875,18402.25,9386.7900390625,43036.58984375
2017-08-25,71074,58.13999938964844,23501,5176.10986328125,25842.310546875,10897.5595703125,51373.23046875
2014-04-14,51596,42.15999984741211,6398,3893.510009765625,19067.130859375,13947.4599609375,40530.69140625
2016-01-05,42419,34.90999984741211,11527,3626.1298828125,17915.73046875,8479.7998046875,42041.6796875
2018-10-22,85597,69.31999969482422,28568,5122.509765625,26086.849609375,12485.4501953125,46962.73828125
2018-02-08,81533,66.220001220703125,31022,5651.580078125,28522.439453125,11514.3701171875,47862.1015625
2014-09-02,61896,49.849998474121094,10116,4055.10009765625,19651.919921875,14681.91015625,45825.05859375
2015-11-09,46195,38.2599983215332,12871,3830.550048828125,18815.0390625,9167.2001953125,44479.23046875
2016-04-26,53083,43,13622,3952.85009765625,19448.140625,10102.0400390625,45416.8984375
2018-02-21,86052,69.80000305175781,33042,5706.5400390625,28633.189453125,11761.9501953125,48535.58984375
2013-08-01,49141,40.119998931884766,3432,3830.590087890625,18832.109375,13681.0302734375,41863.76171875
2013-09-03,51626,40.150001525878906,4056,3613.699951171875,17928.16015625,13735.490234375,39541.51171875
2016-03-14,48867,40.15999984741211,12546,3856.830078125,18890.51953125,9609.1298828125,44691.80078125
2016-07-11,53960,44.13999938964844,14977,4034.239990234375,19944.26953125,9682.6904296875,46177.609375
2016-03-02,44893,36.41999816894531,13221,3766.830078125,18453.689453125,9459.5498046875,44615.75
2019-02-12,96168,78.5,37686,5384.8798828125,27253.25,11953.4599609375,43113.7890625
2019-05-02,95528,78.3499984741211,30817,5141.580078125,26129.029296875,12659.990234375,44312.4296875
2015-05-28,53976,43.81999969482422,10972,4032.159912109375,19610.169921875,10192.0302734375,44807.30859375
2015-04-14,53982,43.880001068115234,11914,4018.820068359375,19523.279296875,10366.7998046875,45004.51953125
2016-03-08,49102,40.09000015258789,13405,3820.5400390625,18725.369140625,9590.7197265625,44504.2890625
2016-08-02,56162,45.7400016784668,15062,4089.070068359375,20231.189453125,9583.0400390625,46558.359375
2016-01-13,38944,32.34000015258789,10306,3531.580078125,17492.880859375,8049.419921875,41008.78125
2013-12-05,50788,41.61000061035156,5324,3729.68994140625,18340.220703125,13033.259765625,41910.078125
2017-09-12,74539,61.25,23529,5168.91015625,25832.029296875,11199.490234375,50480.9609375
2015-04-06,53737,43.7599983215332,11439,3979.919921875,19351.099609375,10320.73046875,44850.05859375
2017-10-06,76055,62.06999969482422,26798,5485.6298828125,27432.859375,11120.009765625,50302.9609375
2018-06-07,73851,59.45000076293945,30178,5467.8701171875,27667.689453125,12263.0498046875,45476.5703125
2015-02-09,49383,39.81999969482422,9120,3923.7099609375,19103.9296875,10948.1201171875,42810.2890625
2017-06-07,63171,51.7400016784668,22219,4890.39013671875,24508.19921875,10757.83984375,49274.96875
2016-09-14,57059,46.880001068115234,15546,4065.27001953125,20212.51953125,10107.6103515625,45767.5703125
2015-02-19,51294,41.81999969482422,9389,3996.1298828125,19442.7890625,10617.1298828125,43231.421875
2014-08-19,58449,47.119998931884766,8844,3947.9599609375,19229.359375,14266.169921875,44962.87890625
2017-09-11,74319,60.959999084472656,24067,5152.08984375,25759.7109375,11254.759765625,50359.3203125
2017-03-15,66235,53.22999954223633,19368,4548.85986328125,22850.029296875,9886.900390625,47470.30859375
2015-02-27,51583,42.0099983215332,9602,3983.719970703125,19357.66015625,10457.91015625,44190.171875
2016-10-25,63866,51.91999816894531,18409,4313.02001953125,21514.0703125,10039.5498046875,48093.53125
2016-12-27,58697,47.54999923706055,16387,4041.320068359375,20289.3203125,10019.6396484375,45299.671875
2017-10-17,76201,62.16999816894531,26622,5483.2998046875,27483.5703125,11030.5703125,50140.51953125
2018-12-06,88846,72.3499984741211,32020,5121.080078125,26002.810546875,11849.6103515625,41987
2014-09-09,58676,47.529998779296875,10688,4062.510009765625,19690.439453125,14333.5,45915.171875
2018-03-15,84928,68.81999969482422,32708,5587.16015625,27991.51953125,11398.490234375,47817.05078125
2018-10-25,84084,68.25,29335,5141.669921875,26135.669921875,12421.759765625,46275.7109375
2013-05-22,56429,44.040000915527344,3548,4270.1201171875,20978.51953125,13329.6396484375,40119.01953125
2013-09-06,53749,41.5,4182,3799.280029296875,18691.5703125,13764.8798828125,39915.05859375
2015-09-21,46590,38.650001525878906,10277,3793.68994140625,18517.4609375,9481.2998046875,43618.140625
2019-04-09,96292,78.69999694824219,31743,5281.77978515625,26768.439453125,13244.1396484375,45151.62890625
2014-07-15,55974,45.40999984741211,8625,3964.219970703125,19285.470703125,13784.9404296875,43960.4296875
2013-08-27,50092,39.849998474121094,3848,3558.239990234375,17681.51953125,13569.6298828125,39656
2013-10-09,52548,42.2400016784668,4946,3776.530029296875,18629.9609375,14098.5498046875,39866.171875
2017-10-02,74360,60.650001525878906,26351,5371.43017578125,26838.490234375,11102.7099609375,50501.16015625
2013-05-10,55108,43.029998779296875,3713,4319.9599609375,21185.51953125,13190.8798828125,41741.5390625
2018-05-03,83288,67.69999694824219,29503,5640.10009765625,28413.30078125,12353.2900390625,47094.12890625
